Workbook
Name SECTOR: 'PS1'!$F$1

Sheet All_India_Index_Upto_April23 (1
A1: Sector | B1: Year | C1: Month | D1: Cereals and products | E1: Meat and fish | F1: Egg | G1: Milk and products | H1: Oils and fats | I1: Fruits | J1: Vegetables | K1: Pulses and products | L1: Sugar and Confectionery | M1: Spices | N1: Non-alcoholic beverages | O1: Prepared meals, snacks, sweets etc. | P1: Food and beverages | Q1: Pan, tobacco and intoxicants | R1: Clothing | S1: Footwear | T1: Clothing and footwear | U1: Housing | V1: Fuel and light | W1: Household goods and services | X1: Health | Y1: Transport and communication | Z1: Recreation and amusement | AA1: Education | AB1: Personal care and effects | AC1: Miscellaneous | AD1: General index
A2: Rural | B2: 2013 | C2: January | D2: 107.5 | E2: 106.3 | F2: 108.1 | G2: 104.9 | H2: 106.1 | I2: 103.9 | J2: 101.9 | K2: 106.1 | L2: 106.8 | M2: 103.1 | N2: 104.8 | O2: 106.7 | P2: 105.5 | Q2: 105.1 | R2: 106.5 | S2: 105.8 | T2: 106.4 | U2: NA | V2: 105.5 | W2: 104.8 | X2: 104 | Y2: 103.3 | Z2: 103.4 | AA2: 103.8 | AB2: 104.7 | AC2: 104 | AD2: 105.1
A3: Urban | B3: 2013 | C3: January | D3: 110.5 | E3: 109.1 | F3: 113 | G3: 103.6 | H3: 103.4 | I3: 102.3 | J3: 102.9 | K3: 105.8 | L3: 105.1 | M3: 101.8 | N3: 105.1 | O3: 107.9 | P3: 105.9 | Q3: 105.2 | R3: 105.9 | S3: 105 | T3: 105.8 | U3: 100.3 | V3: 105.4 | W3: 104.8 | X3: 104.1 | Y3: 103.2 | Z3: 102.9 | AA3: 103.5 | AB3: 104.3 | AC3: 103.7 | AD3: 104
A4: Rural+Urban | B4: 2013 | C4: January | D4: 108.4 | E4: 107.3 | F4: 110 | G4: 104.4 | H4: 105.1 | I4: 103.2 | J4: 102.2 | K4: 106 | L4: 106.2 | M4: 102.7 | N4: 104.9 | O4: 107.3 | P4: 105.6 | Q4: 105.1 | R4: 106.3 | S4: 105.5 | T4: 106.2 | U4: 100.3 | V4: 105.5 | W4: 104.8 | X4: 104 | Y4: 103.2 | Z4: 103.1 | AA4: 103.6 | AB4: 104.5 | AC4: 103.9 | AD4: 104.6
A5: Rural | B5: 2013 | C5: February | D5: 109.2 | E5: 108.7 | F5: 110.2 | G5: 105.4 | H5: 106.7 | I5: 104 | J5: 102.4 | K5: 105.9 | L5: 105.7 | M5: 103.1 | N5: 105.1 | O5: 107.7 | P5: 106.3 | Q5: 105.6 | R5: 107.1 | S5: 106.3 | T5: 107 | U5: NA | V5: 106.2 | W5: 105.2 | X5: 104.4 | Y5: 103.9 | Z5: 104 | AA5: 104.1 | AB5: 104.6 | AC5: 104.4 | AD5: 105.8
A6: Urban | B6: 2013 | C6: February | D6: 112.9 | E6: 112.9 | F6: 116.9 | G6: 104 | H6: 103.5 | I6: 103.1 | J6: 104.9 | K6: 104.1 | L6: 103.8 | M6: 102.3 | N6: 106 | O6: 109 | P6: 107.2 | Q6: 106 | R6: 106.6 | S6: 105.5 | T6: 106.4 | U6: 100.4 | V6: 105.7 | W6: 105.2 | X6: 104.7 | Y6: 104.4 | Z6: 103.3 | AA6: 103.7 | AB6: 104.3 | AC6: 104.3 | AD6: 104.7
A7: Rural+Urban | B7: 2013 | C7: February | D7: 110.4 | E7: 110.2 | F7: 112.8 | G7: 104.9 | H7: 105.5 | I7: 103.6 | J7: 103.2 | K7: 105.3 | L7: 105.1 | M7: 102.8 | N7: 105.5 | O7: 108.3 | P7: 106.6 | Q7: 105.7 | R7: 106.9 | S7: 106 | T7: 106.8 | U7: 100.4 | V7: 106 | W7: 105.2 | X7: 104.5 | Y7: 104.2 | Z7: 103.6 | AA7: 103.9 | AB7: 104.5 | AC7: 104.4 | AD7: 105.3
A8: Rural | B8: 2013 | C8: March | D8: 110.2 | E8: 108.8 | F8: 109.9 | G8: 105.6 | H8: 106.2 | I8: 105.7 | J8: 101.4 | K8: 105.7 | L8: 105 | M8: 103.3 | N8: 105.6 | O8: 108.2 | P8: 106.6 | Q8: 106.5 | R8: 107.6 | S8: 106.8 | T8: 107.5 | U8: NA | V8: 106.1 | W8: 105.6 | X8: 104.7 | Y8: 104.6 | Z8: 104 | AA8: 104.3 | AB8: 104.3 | AC8: 104.6 | AD8: 106
A9: Urban | B9: 2013 | C9: March | D9: 113.9 | E9: 111.4 | F9: 113.2 | G9: 104.3 | H9: 102.7 | I9: 104.9 | J9: 103.8 | K9: 103.5 | L9: 102.6 | M9: 102.4 | N9: 107 | O9: 109.8 | P9: 107.3 | Q9: 106.8 | R9: 107.2 | S9: 106 | T9: 107 | U9: 100.4 | V9: 106 | W9: 105.7 | X9: 105.2 | Y9: 105.5 | Z9: 103.5 | AA9: 103.8 | AB9: 104.2 | AC9: 104.9 | AD9: 105
A10: Rural+Urban | B10: 2013 | C10: March | D10: 111.4 | E10: 109.7 | F10: 111.2 | G10: 105.1 | H10: 104.9 | I10: 105.3 | J10: 102.2 | K10: 105 | L10: 104.2 | M10: 103 | N10: 106.2 | O10: 108.9 | P10: 106.9 | Q10: 106.6 | R10: 107.4 | S10: 106.5 | T10: 107.3 | U10: 100.4 | V10: 106.1 | W10: 105.6 | X10: 104.9 | Y10: 105.1 | Z10: 103.7 | AA10: 104 | AB10: 104.3 | AC10: 104.7 | AD10: 105.5
A11: Rural | B11: 2013 | C11: April | D11: 110.2 | E11: 109.5 | F11: 106.9 | G11: 106.3 | H11: 105.7 | I11: 108.3 | J11: 103.4 | K11: 105.7 | L11: 104.2 | M11: 103.2 | N11: 106.5 | O11: 108.8 | P11: 107.1 | Q11: 107.1 | R11: 108.1 | S11: 107.4 | T11: 108 | U11: NA | V11: 106.5 | W11: 106.1 | X11: 105.1 | Y11: 104.4 | Z11: 104.5 | AA11: 104.8 | AB11: 102.7 | AC11: 104.6 | AD11: 106.4
A12: Urban | B12: 2013 | C12: April | D12: 114.6 | E12: 113.4 | F12: 106 | G12: 104.7 | H12: 102.1 | I12: 109.5 | J12: 109.7 | K12: 104.6 | L12: 102 | M12: 103.5 | N12: 108.2 | O12: 110.6 | P12: 108.8 | Q12: 108.5 | R12: 107.9 | S12: 106.4 | T12: 107.7 | U12: 100.5 | V12: 106.4 | W12: 106.5 | X12: 105.7 | Y12: 105 | Z12: 104 | AA12: 105.2 | AB12: 103.2 | AC12: 105.1 | AD12: 105.7
A13: Rural+Urban | B13: 2013 | C13: April | D13: 111.6 | E13: 110.9 | F13: 106.6 | G13: 105.7 | H13: 104.4 | I13: 108.9 | J13: 105.5 | K13: 105.3 | L13: 103.5 | M13: 103.3 | N13: 107.2 | O13: 109.6 | P13: 107.7 | Q13: 107.5 | R13: 108 | S13: 107 | T13: 107.9 | U13: 100.5 | V13: 106.5 | W13: 106.3 | X13: 105.3 | Y13: 104.7 | Z13: 104.2 | AA13: 105 | AB13: 102.9 | AC13: 104.8 | AD13: 106.1
A14: Rural | B14: 2013 | C14: May | D14: 110.9 | E14: 109.8 | F14: 105.9 | G14: 107.5 | H14: 105.3 | I14: 108.1 | J14: 107.3 | K14: 106.1 | L14: 103.7 | M14: 104 | N14: 107.4 | O14: 109.9 | P14: 108.1 | Q14: 108.1 | R14: 108.8 | S14: 107.9 | T14: 108.6 | U14: NA | V14: 107.5 | W14: 106.8 | X14: 105.7 | Y14: 104.1 | Z14: 105 | AA14: 105.5 | AB14: 102.1 | AC14: 104.8 | AD14: 107.2
A15: Urban | B15: 2013 | C15: May | D15: 115.4 | E15: 114.2 | F15: 102.7 | G15: 105.5 | H15: 101.5 | I15: 110.6 | J15: 123.7 | K15: 105.2 | L15: 101.9 | M15: 105 | N15: 109.1 | O15: 111.3 | P15: 111.1 | Q15: 109.8 | R15: 108.5 | S15: 106.7 | T15: 108.3 | U15: 100.5 | V15: 107.2 | W15: 107.1 | X15: 106.2 | Y15: 103.9 | Z15: 104.6 | AA15: 105.7 | AB15: 102.6 | AC15: 104.9 | AD15: 106.6
A16: Rural+Urban | B16: 2013 | C16: May | D16: 112.3 | E16: 111.3 | F16: 104.7 | G16: 106.8 | H16: 103.9 | I16: 109.3 | J16: 112.9 | K16: 105.8 | L16: 103.1 | M16: 104.3 | N16: 108.1 | O16: 110.5 | P16: 109.2 | Q16: 108.6 | R16: 108.7 | S16: 107.4 | T16: 108.5 | U16: 100.5 | V16: 107.4 | W16: 106.9 | X16: 105.9 | Y16: 104 | Z16: 104.8 | AA16: 105.6 | AB16: 102.3 | AC16: 104.8 | AD16: 106.9
A17: Rural | B17: 2013 | C17: June | D17: 112.3 | E17: 112.1 | F17: 108.1 | G17: 108.3 | H17: 105.9 | I17: 109.2 | J17: 118 | K17: 106.8 | L17: 104.1 | M17: 105.4 | N17: 108.2 | O17: 111 | P17: 110.6 | Q17: 109 | R17: 109.7 | S17: 108.8 | T17: 109.5 | U17: NA | V17: 108.5 | W17: 107.5 | X17: 106.3 | Y17: 105 | Z17: 105.6 | AA17: 106.5 | AB17: 102.5 | AC17: 105.5 | AD17: 108.9
A18: Urban | B18: 2013 | C18: June | D18: 117 | E18: 120.1 | F18: 112.5 | G18: 107.3 | H18: 101.3 | I18: 112.4 | J18: 143.6 | K18: 105.4 | L18: 101.4 | M18: 106.4 | N18: 110 | O18: 112.2 | P18: 115 | Q18: 110.9 | R18: 109.2 | S18: 107.2 | T18: 108.9 | U18: 106.6 | V18: 108 | W18: 107.7 | X18: 106.5 | Y18: 105.2 | Z18: 105.2 | AA18: 108.1 | AB18: 103.3 | AC18: 106.1 | AD18: 109.7
A19: Rural+Urban | B19: 2013 | C19: June | D19: 113.8 | E19: 114.9 | F19: 109.8 | G19: 107.9 | H19: 104.2 | I19: 110.7 | J19: 126.7 | K19: 106.3 | L19: 103.2 | M19: 105.7 | N19: 109 | O19: 111.6 | P19: 112.2 | Q19: 109.5 | R19: 109.5 | S19: 108.1 | T19: 109.3 | U19: 106.6 | V19: 108.3 | W19: 107.6 | X19: 106.4 | Y19: 105.1 | Z19: 105.4 | AA19: 107.4 | AB19: 102.8 | AC19: 105.8 | AD19: 109.3
A20: Rural | B20: 2013 | C20: July | D20: 113.4 | E20: 114.9 | F20: 110.5 | G20: 109.3 | H20: 106.2 | I20: 110.3 | J20: 129.2 | K20: 107.1 | L20: 104.3 | M20: 106.4 | N20: 109.1 | O20: 112.1 | P20: 113.1 | Q20: 109.8 | R20: 110.5 | S20: 109.5 | T20: 110.3 | U20: NA | V20: 109.5 | W20: 108.3 | X20: 106.9 | Y20: 106.8 | Z20: 106.4 | AA20: 107.8 | AB20: 102.5 | AC20: 106.5 | AD20: 110.7
A21: Urban | B21: 2013 | C21: July | D21: 117.8 | E21: 119.2 | F21: 114 | G21: 108.3 | H21: 101.1 | I21: 113.2 | J21: 160.9 | K21: 105.1 | L21: 101.3 | M21: 107.5 | N21: 110.4 | O21: 113.1 | P21: 117.5 | Q21: 111.7 | R21: 109.8 | S21: 107.8 | T21: 109.5 | U21: 107.7 | V21: 108.6 | W21: 108.1 | X21: 107.1 | Y21: 107.3 | Z21: 105.9 | AA21: 110.1 | AB21: 103.2 | AC21: 107.3 | AD21: 111.4
A22: Rural+Urban | B22: 2013 | C22: July | D22: 114.8 | E22: 116.4 | F22: 111.9 | G22: 108.9 | H22: 104.3 | I22: 111.7 | J22: 140 | K22: 106.4 | L22: 103.3 | M22: 106.8 | N22: 109.6 | O22: 112.6 | P22: 114.7 | Q22: 110.3 | R22: 110.2 | S22: 108.8 | T22: 110 | U22: 107.7 | V22: 109.2 | W22: 108.2 | X22: 107 | Y22: 107.1 | Z22: 106.1 | AA22: 109.1 | AB22: 102.8 | AC22: 106.9 | AD22: 111
A23: Rural | B23: 2013 | C23: August | D23: 114.3 | E23: 115.4 | F23: 111.1 | G23: 110 | H23: 106.4 | I23: 110.8 | J23: 138.9 | K23: 107.4 | L23: 104.1 | M23: 106.9 | N23: 109.7 | O23: 112.6 | P23: 114.9 | Q23: 110.7 | R23: 111.3 | S23: 110.2 | T23: 111.1 | U23: NA | V23: 109.9 | W23: 108.7 | X23: 107.5 | Y23: 107.8 | Z23: 106.8 | AA23: 108.7 | AB23: 105 | AC23: 107.5 | AD23: 112.1
A24: Urban | B24: 2013 | C24: August | D24: 118.3 | E24: 120.4 | F24: 112.7 | G24: 108.9 | H24: 101.1 | I24: 108.7 | J24: 177 | K24: 104.7 | L24: 101 | M24: 108.5 | N24: 110.9 | O24: 114.3 | P24: 119.6 | Q24: 112.4 | R24: 110.6 | S24: 108.3 | T24: 110.2 | U24: 108.9 | V24: 109.3 | W24: 108.7 | X24: 107.6 | Y24: 108.1 | Z24: 106.5 | AA24: 110.8 | AB24: 106 | AC24: 108.3 | AD24: 112.7
A25: Rural+Urban | B25: 2013 | C25: August | D25: 115.6 | E25: 117.2 | F25: 111.7 | G25: 109.6 | H25: 104.5 | I25: 109.8 | J25: 151.8 | K25: 106.5 | L25: 103.1 | M25: 107.4 | N25: 110.2 | O25: 113.4 | P25: 116.6 | Q25: 111.2 | R25: 111 | S25: 109.4 | T25: 110.7 | U25: 108.9 | V25: 109.7 | W25: 108.7 | X25: 107.5 | Y25: 108 | Z25: 106.6 | AA25: 109.9 | AB25: 105.4 | AC25: 107.9 | AD25: 112.4
A26: Rural | B26: 2013 | C26: September | D26: 115.4 | E26: 115.7 | F26: 111.7 | G26: 111 | H26: 107.4 | I26: 110.9 | J26: 154 | K26: 108.1 | L26: 104.2 | M26: 107.9 | N26: 110.4 | O26: 114 | P26: 117.8 | Q26: 111.7 | R26: 112.7 | S26: 111.4 | T26: 112.5 | U26: NA | V26: 111.1 | W26: 109.6 | X26: 108.3 | Y26: 109.3 | Z26: 107.7 | AA26: 109.8 | AB26: 106.7 | AC26: 108.7 | AD26: 114.2
A27: Urban | B27: 2013 | C27: September | D27: 118.6 | E27: 119.1 | F27: 113.2 | G27: 109.6 | H27: 101.7 | I27: 103.2 | J27: 174.3 | K27: 105.1 | L27: 100.8 | M27: 109.1 | N27: 111.1 | O27: 115.4 | P27: 119.2 | Q27: 112.9 | R27: 111.4 | S27: 109 | T27: 111.1 | U27: 109.7 | V27: 109.5 | W27: 109.6 | X27: 107.9 | Y27: 110.4 | Z27: 107.4 | AA27: 111.2 | AB27: 106.9 | AC27: 109.4 | AD27: 113.2
A28: Rural+Urban | B28: 2013 | C28: September | D28: 116.4 | E28: 116.9 | F28: 112.3 | G28: 110.5 | H28: 105.3 | I28: 107.3 | J28: 160.9 | K28: 107.1 | L28: 103.1 | M28: 108.3 | N28: 110.7 | O28: 114.6 | P28: 118.3 | Q28: 112 | R28: 112.2 | S28: 110.4 | T28: 111.9 | U28: 109.7 | V28: 110.5 | W28: 109.6 | X28: 108.1 | Y28: 109.9 | Z28: 107.5 | AA28: 110.6 | AB28: 106.8 | AC28: 109 | AD28: 113.7
A29: Rural | B29: 2013 | C29: October | D29: 116.3 | E29: 115.4 | F29: 112.6 | G29: 111.7 | H29: 107.7 | I29: 113.2 | J29: 164.9 | K29: 108.3 | L29: 103.9 | M29: 108.2 | N29: 111.1 | O29: 114.9 | P29: 119.8 | Q29: 112.2 | R29: 113.6 | S29: 112.3 | T29: 113.4 | U29: NA | V29: 111.6 | W29: 110.4 | X29: 108.9 | Y29: 109.3 | Z29: 108.3 | AA29: 110.2 | AB29: 107.5 | AC29: 109.1 | AD29: 115.5
A30: Urban | B30: 2013 | C30: October | D30: 118.9 | E30: 118.1 | F30: 114.5 | G30: 110.4 | H30: 102.3 | I30: 106.2 | J30: 183.5 | K30: 105.3 | L30: 100.2 | M30: 109.6 | N30: 111.4 | O30: 116 | P30: 120.8 | Q30: 113.5 | R30: 112.5 | S30: 109.7 | T30: 112 | U30: 110.5 | V30: 109.7 | W30: 110.2 | X30: 108.2 | Y30: 109.7 | Z30: 108 | AA30: 111.3 | AB30: 107.3 | AC30: 109.4 | AD30: 114
A31: Rural+Urban | B31: 2013 | C31: October | D31: 117.1 | E31: 116.3 | F31: 113.3 | G31: 111.2 | H31: 105.7 | I31: 109.9 | J31: 171.2 | K31: 107.3 | L31: 102.7 | M31: 108.7 | N31: 111.2 | O31: 115.4 | P31: 120.2 | Q31: 112.5 | R31: 113.2 | S31: 111.2 | T31: 112.8 | U31: 110.5 | V31: 110.9 | W31: 110.3 | X31: 108.6 | Y31: 109.5 | Z31: 108.1 | AA31: 110.8 | AB31: 107.4 | AC31: 109.2 | AD31: 114.8
A32: Rural | B32: 2013 | C32: November | D32: 117.3 | E32: 114.9 | F32: 116.2 | G32: 112.8 | H32: 108.9 | I32: 116.6 | J32: 178.1 | K32: 109.1 | L32: 103.6 | M32: 109 | N32: 111.8 | O32: 116 | P32: 122.5 | Q32: 112.8 | R32: 114.6 | S32: 113.1 | T32: 114.4 | U32: NA | V32: 112.6 | W32: 111.3 | X32: 109.7 | Y32: 109.6 | Z32: 108.7 | AA32: 111 | AB32: 108.2 | AC32: 109.8 | AD32: 117.4
A33: Urban | B33: 2013 | C33: November | D33: 119.8 | E33: 116.3 | F33: 122.6 | G33: 112 | H33: 103.2 | I33: 110 | J33: 192.8 | K33: 106.3 | L33: 99.5 | M33: 110.3 | N33: 111.8 | O33: 117.1 | P33: 122.9 | Q33: 114.1 | R33: 113.5 | S33: 110.3 | T33: 113 | U33: 111.1 | V33: 110 | W33: 110.9 | X33: 108.6 | Y33: 109.5 | Z33: 108.5 | AA33: 111.3 | AB33: 107.9 | AC33: 109.6 | AD33: 115
A34: Rural+Urban | B34: 2013 | C34: November | D34: 118.1 | E34: 115.4 | F34: 118.7 | G34: 112.5 | H34: 106.8 | I34: 113.5 | J34: 183.1 | K34: 108.2 | L34: 102.2 | M34: 109.4 | N34: 111.8 | O34: 116.5 | P34: 122.6 | Q34: 113.1 | R34: 114.2 | S34: 111.9 | T34: 113.8 | U34: 111.1 | V34: 111.6 | W34: 111.1 | X34: 109.3 | Y34: 109.5 | Z34: 108.6 | AA34: 111.2 | AB34: 108.1 | AC34: 109.7 | AD34: 116.3
A35: Rural | B35: 2013 | C35: December | D35: 118.4 | E35: 115.9 | F35: 120.4 | G35: 113.8 | H35: 109.5 | I35: 115.5 | J35: 145.7 | K35: 109.5 | L35: 102.9 | M35: 109.8 | N35: 112.1 | O35: 116.8 | P35: 118.7 | Q35: 113.6 | R35: 115.8 | S35: 114 | T35: 115.5 | U35: NA | V35: 112.8 | W35: 112.1 | X35: 110.1 | Y35: 109.9 | Z35: 109.2 | AA35: 111.6 | AB35: 108.1 | AC35: 110.1 | AD35: 115.5
A36: Urban | B36: 2013 | C36: December | D36: 120.5 | E36: 118.1 | F36: 128.5 | G36: 112.8 | H36: 103.4 | I36: 110.7 | J36: 144.8 | K36: 107.1 | L36: 98.6 | M36: 111.9 | N36: 112.1 | O36: 118.1 | P36: 117.8 | Q36: 115 | R36: 114.2 | S36: 110.9 | T36: 113.7 | U36: 110.7 | V36: 110.4 | W36: 111.3 | X36: 109 | Y36: 109.7 | Z36: 108.9 | AA36: 111.4 | AB36: 107.7 | AC36: 109.8 | AD36: 113.3
A37: Rural+Urban | B37: 2013 | C37: December | D37: 119.1 | E37: 116.7 | F37: 123.5 | G37: 113.4 | H37: 107.3 | I37: 113.3 | J37: 145.4 | K37: 108.7 | L37: 101.5 | M37: 110.5 | N37: 112.1 | O37: 117.4 | P37: 118.4 | Q37: 114 | R37: 115.2 | S37: 112.7 | T37: 114.8 | U37: 110.7 | V37: 111.9 | W37: 111.7 | X37: 109.7 | Y37: 109.8 | Z37: 109 | AA37: 111.5 | AB37: 107.9 | AC37: 110 | AD37: 114.5
A38: Rural | B38: 2014 | C38: January | D38: 118.9 | E38: 117.1 | F38: 120.5 | G38: 114.4 | H38: 109 | I38: 115.5 | J38: 123.9 | K38: 109.6 | L38: 101.8 | M38: 110.2 | N38: 112.4 | O38: 117.3 | P38: 116 | Q38: 114 | R38: 116.5 | S38: 114.5 | T38: 116.2 | U38: NA | V38: 113 | W38: 112.6 | X38: 110.6 | Y38: 110.5 | Z38: 109.6 | AA38: 111.8 | AB38: 108.3 | AC38: 110.6 | AD38: 114.2
A39: Urban | B39: 2014 | C39: January | D39: 121.2 | E39: 122 | F39: 129.9 | G39: 113.6 | H39: 102.9 | I39: 112.1 | J39: 118.9 | K39: 107.5 | L39: 96.9 | M39: 112.7 | N39: 112.1 | O39: 119 | P39: 115.5 | Q39: 115.7 | R39: 114.8 | S39: 111.3 | T39: 114.3 | U39: 111.6 | V39: 111 | W39: 111.9 | X39: 109.7 | Y39: 110.8 | Z39: 109.8 | AA39: 111.5 | AB39: 108 | AC39: 110.5 | AD39: 112.9
A40: Rural+Urban | B40: 2014 | C40: January | D40: 119.6 | E40: 118.8 | F40: 124.1 | G40: 114.1 | H40: 106.8 | I40: 113.9 | J40: 122.2 | K40: 108.9 | L40: 100.2 | M40: 111 | N40: 112.3 | O40: 118.1 | P40: 115.8 | Q40: 114.5 | R40: 115.8 | S40: 113.2 | T40: 115.4 | U40: 111.6 | V40: 112.2 | W40: 112.3 | X40: 110.3 | Y40: 110.7 | Z40: 109.7 | AA40: 111.6 | AB40: 108.2 | AC40: 110.6 | AD40: 113.6
A41: Rural | B41: 2014 | C41: February | D41: 119.4 | E41: 117.7 | F41: 121.2 | G41: 115 | H41: 109 | I41: 116.6 | J41: 116 | K41: 109.8 | L41: 101.1 | M41: 110.4 | N41: 112.9 | O41: 117.8 | P41: 115.3 | Q41: 114.2 | R41: 117.1 | S41: 114.5 | T41: 116.7 | U41: NA | V41: 113.2 | W41: 112.9 | X41: 110.9 | Y41: 110.8 | Z41: 109.9 | AA41: 112 | AB41: 108.7 | AC41: 110.9 | AD41: 114
A42: Urban | B42: 2014 | C42: February | D42: 121.9 | E42: 122 | F42: 124.5 | G42: 115.2 | H42: 102.5 | I42: 114.1 | J42: 111.5 | K42: 108.2 | L42: 95.4 | M42: 113.5 | N42: 112.1 | O42: 119.9 | P42: 115.2 | Q42: 116.2 | R42: 115.3 | S42: 111.7 | T42: 114.7 | U42: 112.5 | V42: 111.1 | W42: 112.6 | X42: 110.4 | Y42: 111.3 | Z42: 110.3 | AA42: 111.6 | AB42: 108.7 | AC42: 111 | AD42: 113.1
A43: Rural+Urban | B43: 2014 | C43: February | D43: 120.2 | E43: 119.2 | F43: 122.5 | G43: 115.1 | H43: 106.6 | I43: 115.4 | J43: 114.5 | K43: 109.3 | L43: 99.2 | M43: 111.4 | N43: 112.6 | O43: 118.8 | P43: 115.3 | Q43: 114.7 | R43: 116.4 | S43: 113.3 | T43: 115.9 | U43: 112.5 | V43: 112.4 | W43: 112.8 | X43: 110.7 | Y43: 111.1 | Z43: 110.1 | AA43: 111.8 | AB43: 108.7 | AC43: 110.9 | AD43: 113.6
A44: Rural | B44: 2014 | C44: March | D44: 120.1 | E44: 118.1 | F44: 120.7 | G44: 116.1 | H44: 109.3 | I44: 119.6 | J44: 117.9 | K44: 110.2 | L44: 101.2 | M44: 110.7 | N44: 113 | O44: 118.3 | P44: 116.2 | Q44: 114.6 | R44: 117.5 | S44: 114.9 | T44: 117.2 | U44: NA | V44: 113.4 | W44: 113.4 | X44: 111.4 | Y44: 111.2 | Z44: 110.2 | AA44: 112.4 | AB44: 108.9 | AC44: 111.3 | AD44: 114.6
A45: Urban | B45: 2014 | C45: March | D45: 122.1 | E45: 121.4 | F45: 121.5 | G45: 116.2 | H45: 102.8 | I45: 117.7 | J45: 113.3 | K45: 108.9 | L45: 96.3 | M45: 114.1 | N45: 112.2 | O45: 120.5 | P45: 116 | Q45: 116.7 | R45: 115.8 | S45: 112.1 | T45: 115.2 | U45: 113.2 | V45: 110.9 | W45: 113 | X45: 110.8 | Y45: 111.6 | Z45: 110.9 | AA45: 111.8 | AB45: 109.2 | AC45: 111.4 | AD45: 113.7
A46: Rural+Urban | B46: 2014 | C46: Marcrh | D46: 120.7 | E46: 119.3 | F46: 121 | G46: 116.1 | H46: 106.9 | I46: 118.7 | J46: 116.3 | K46: 109.8 | L46: 99.6 | M46: 111.8 | N46: 112.7 | O46: 119.3 | P46: 116.1 | Q46: 115.2 | R46: 116.8 | S46: 113.7 | T46: 116.4 | U46: 113.2 | V46: 112.5 | W46: 113.2 | X46: 111.2 | Y46: 111.4 | Z46: 110.6 | AA46: 112 | AB46: 109 | AC46: 111.3 | AD46: 114.2
A47: Rural | B47: 2014 | C47: April | D47: 120.2 | E47: 118.9 | F47: 118.1 | G47: 117 | H47: 109.7 | I47: 125.5 | J47: 120.5 | K47: 111 | L47: 102.6 | M47: 111.2 | N47: 113.5 | O47: 118.7 | P47: 117.2 | Q47: 115.4 | R47: 118.1 | S47: 116.1 | T47: 117.8 | U47: NA | V47: 113.4 | W47: 113.7 | X47: 111.8 | Y47: 111.2 | Z47: 110.5 | AA47: 113 | AB47: 108.9 | AC47: 111.5 | AD47: 115.4
A48: Urban | B48: 2014 | C48: April | D48: 122.5 | E48: 121.7 | F48: 113.3 | G48: 117 | H48: 103.1 | I48: 126.7 | J48: 121.2 | K48: 111 | L48: 100.3 | M48: 115.3 | N48: 112.7 | O48: 121 | P48: 118.2 | Q48: 117.6 | R48: 116.3 | S48: 112.5 | T48: 115.7 | U48: 113.9 | V48: 110.9 | W48: 113.4 | X48: 111 | Y48: 111.2 | Z48: 111.2 | AA48: 112.5 | AB48: 109.1 | AC48: 111.4 | AD48: 114.7
A49: Rural+Urban | B49: 2014 | C49: April | D49: 120.9 | E49: 119.9 | F49: 116.2 | G49: 117 | H49: 107.3 | I49: 126.1 | J49: 120.7 | K49: 111 | L49: 101.8 | M49: 112.6 | N49: 113.2 | O49: 119.8 | P49: 117.6 | Q49: 116 | R49: 117.4 | S49: 114.6 | T49: 117 | U49: 113.9 | V49: 112.5 | W49: 113.6 | X49: 111.5 | Y49: 111.2 | Z49: 110.9 | AA49: 112.7 | AB49: 109 | AC49: 111.5 | AD49: 115.1
A50: Rural | B50: 2014 | C50: May | D50: 120.3 | E50: 120.2 | F50: 116.9 | G50: 118 | H50: 110.1 | I50: 126.3 | J50: 123.9 | K50: 111.5 | L50: 103.5 | M50: 111.6 | N50: 114.2 | O50: 119.2 | P50: 118.2 | Q50: 116.3 | R50: 118.7 | S50: 116.8 | T50: 118.5 | U50: NA | V50: 113.4 | W50: 114.1 | X50: 112.1 | Y50: 111.4 | Z50: 110.9 | AA50: 113.1 | AB50: 108.9 | AC50: 111.8 | AD50: 116
A51: Urban | B51: 2014 | C51: May | D51: 122.7 | E51: 124.1 | F51: 114.2 | G51: 119.1 | H51: 103.5 | I51: 129.2 | J51: 127 | K51: 112.6 | L51: 101.3 | M51: 117 | N51: 112.9 | O51: 121.7 | P51: 120 | Q51: 118.3 | R51: 116.8 | S51: 112.9 | T51: 116.2 | U51: 114.3 | V51: 111.1 | W51: 114.1 | X51: 111.2 | Y51: 111.3 | Z51: 111.5 | AA51: 112.9 | AB51: 109.3 | AC51: 111.7 | AD51: 115.6
A52: Rural+Urban | B52: 2014 | C52: May | D52: 121.1 | E52: 121.6 | F52: 115.9 | G52: 118.4 | H52: 107.7 | I52: 127.7 | J52: 125 | K52: 111.9 | L52: 102.8 | M52: 113.4 | N52: 113.7 | O52: 120.4 | P52: 118.9 | Q52: 116.8 | R52: 118 | S52: 115.2 | T52: 117.6 | U52: 114.3 | V52: 112.5 | W52: 114.1 | X52: 111.8 | Y52: 111.3 | Z52: 111.2 | AA52: 113 | AB52: 109.1 | AC52: 111.8 | AD52: 115.8
A53: Rural | B53: 2014 | C53: June | D53: 120.7 | E53: 121.6 | F53: 116.1 | G53: 119.3 | H53: 110.3 | I53: 125.8 | J53: 129.3 | K53: 112.2 | L53: 103.6 | M53: 112.3 | N53: 114.9 | O53: 120.1 | P53: 119.5 | Q53: 117.3 | R53: 119.7 | S53: 117.3 | T53: 119.3 | U53: NA | V53: 114.4 | W53: 114.9 | X53: 112.8 | Y53: 112.2 | Z53: 111.4 | AA53: 114.3 | AB53: 108 | AC53: 112.3 | AD53: 117
A54: Urban | B54: 2014 | C54: June | D54: 123.1 | E54: 125.9 | F54: 115.4 | G54: 120.4 | H54: 103.4 | I54: 131.2 | J54: 137.5 | K54: 112.8 | L54: 101.4 | M54: 118.3 | N54: 113.2 | O54: 122.4 | P54: 122 | Q54: 119 | R54: 117.4 | S54: 113.2 | T54: 116.7 | U54: 113.9 | V54: 111.2 | W54: 114.3 | X54: 111.4 | Y54: 111.5 | Z54: 111.8 | AA54: 115.1 | AB54: 108.7 | AC54: 112.2 | AD54: 116.4
A55: Rural+Urban | B55: 2014 | C55: June | D55: 121.5 | E55: 123.1 | F55: 115.8 | G55: 119.7 | H55: 107.8 | I55: 128.3 | J55: 132.1 | K55: 112.4 | L55: 102.9 | M55: 114.3 | N55: 114.2 | O55: 121.2 | P55: 120.4 | Q55: 117.8 | R55: 118.8 | S55: 115.6 | T55: 118.3 | U55: 113.9 | V55: 113.2 | W55: 114.6 | X55: 112.3 | Y55: 111.8 | Z55: 111.6 | AA55: 114.8 | AB55: 108.3 | AC55: 112.3 | AD55: 116.7
A56: Rural | B56: 2014 | C56: July | D56: 121.7 | E56: 122.5 | F56: 117.7 | G56: 120.6 | H56: 110.4 | I56: 129.1 | J56: 150.1 | K56: 113.2 | L56: 104.8 | M56: 113.3 | N56: 115.6 | O56: 120.9 | P56: 123.3 | Q56: 118 | R56: 120.7 | S56: 118.3 | T56: 120.3 | U56: NA | V56: 115.3 | W56: 115.4 | X56: 113.4 | Y56: 113.2 | Z56: 111.8 | AA56: 115.5 | AB56: 108.8 | AC56: 113.1 | AD56: 119.5
A57: Urban | B57: 2014 | C57: July | D57: 123.8 | E57: 126.4 | F57: 118 | G57: 121.6 | H57: 103.5 | I57: 133.7 | J57: 172.4 | K57: 113.1 | L57: 102.7 | M57: 120 | N57: 113.8 | O57: 123.4 | P57: 127.1 | Q57: 121 | R57: 118 | S57: 113.6 | T57: 117.4 | U57: 114.8 | V57: 111.6 | W57: 114.9 | X57: 111.5 | Y57: 113 | Z57: 112.4 | AA57: 117.8 | AB57: 109.7 | AC57: 113.5 | AD57: 118.9
A58: Rural+Urban | B58: 2014 | C58: July | D58: 122.4 | E58: 123.9 | F58: 117.8 | G58: 121 | H58: 107.9 | I58: 131.2 | J58: 157.7 | K58: 113.2 | L58: 104.1 | M58: 115.5 | N58: 114.8 | O58: 122.1 | P58: 124.7 | Q58: 118.8 | R58: 119.6 | S58: 116.3 | T58: 119.1 | U58: 114.8 | V58: 113.9 | W58: 115.2 | X58: 112.7 | Y58: 113.1 | Z58: 112.1 | AA58: 116.8 | AB58: 109.2 | AC58: 113.3 | AD58: 119.2
A59: Rural | B59: 2014 | C59: August | D59: 121.8 | E59: 122.8 | F59: 117.8 | G59: 121.9 | H59: 110.6 | I59: 129.7 | J59: 161.1 | K59: 114.1 | L59: 105.1 | M59: 114.6 | N59: 115.8 | O59: 121.7 | P59: 125.3 | Q59: 118.8 | R59: 120.9 | S59: 118.8 | T59: 120.7 | U59: NA | V59: 115.4 | W59: 115.9 | X59: 114 | Y59: 113.2 | Z59: 112.2 | AA59: 116.2 | AB59: 109.4 | AC59: 113.5 | AD59: 120.7
A60: Urban | B60: 2014 | C60: August | D60: 124.8 | E60: 127.3 | F60: 116.5 | G60: 122.2 | H60: 103.6 | I60: 132.7 | J60: 181.9 | K60: 115.2 | L60: 102.7 | M60: 122.1 | N60: 114.4 | O60: 124.7 | P60: 128.9 | Q60: 123 | R60: 118.6 | S60: 114.1 | T60: 117.9 | U60: 115.5 | V60: 111.8 | W60: 115.3 | X60: 112.2 | Y60: 112.5 | Z60: 112.9 | AA60: 119.2 | AB60: 110.5 | AC60: 113.9 | AD60: 119.9
A61: Rural+Urban | B61: 2014 | C61: August | D61: 122.7 | E61: 124.4 | F61: 117.3 | G61: 122 | H61: 108 | I61: 131.1 | J61: 168.2 | K61: 114.5 | L61: 104.3 | M61: 117.1 | N61: 115.2 | O61: 123.1 | P61: 126.6 | Q61: 119.9 | R61: 120 | S61: 116.8 | T61: 119.6 | U61: 115.5 | V61: 114 | W61: 115.6 | X61: 113.3 | Y61: 112.8 | Z61: 112.6 | AA61: 118 | AB61: 109.9 | AC61: 113.7 | AD61: 120.3
A62: Rural | B62: 2014 | C62: September | D62: 122.3 | E62: 122.4 | F62: 117.8 | G62: 122.7 | H62: 110.4 | I62: 129.8 | J62: 158.8 | K62: 115 | L62: 104.7 | M62: 114.9 | N62: 116.5 | O62: 122.6 | P62: 125.3 | Q62: 119.5 | R62: 121.7 | S62: 119.2 | T62: 121.3 | U62: NA | V62: 115.8 | W62: 116.7 | X62: 114.5 | Y62: 112.8 | Z62: 112.6 | AA62: 116.6 | AB62: 109.1 | AC62: 113.7 | AD62: 120.9
A63: Urban | B63: 2014 | C63: September | D63: 124.2 | E63: 125.4 | F63: 116.4 | G63: 122.7 | H63: 103.5 | I63: 124.5 | J63: 168.6 | K63: 116.9 | L63: 101.9 | M63: 122.9 | N63: 114.8 | O63: 125.2 | P63: 126.7 | Q63: 124.3 | R63: 119.2 | S63: 114.5 | T63: 118.4 | U63: 116.1 | V63: 111.8 | W63: 115.5 | X63: 112.3 | Y63: 111.2 | Z63: 113.4 | AA63: 120 | AB63: 110 | AC63: 113.6 | AD63: 119.2
A64: Rural+Urban | B64: 2014 | C64: September | D64: 122.9 | E64: 123.5 | F64: 117.3 | G64: 122.7 | H64: 107.9 | I64: 127.3 | J64: 162.1 | K64: 115.6 | L64: 103.8 | M64: 117.6 | N64: 115.8 | O64: 123.8 | P64: 125.8 | Q64: 120.8 | R64: 120.7 | S64: 117.2 | T64: 120.1 | U64: 116.1 | V64: 114.3 | W64: 116.1 | X64: 113.7 | Y64: 112 | Z64: 113.1 | AA64: 118.6 | AB64: 109.5 | AC64: 113.7 | AD64: 120.1
A65: Rural | B65: 2014 | C65: October | D65: 122.6 | E65: 122.5 | F65: 118.3 | G65: 123.2 | H65: 110.5 | I65: 128.9 | J65: 155.3 | K65: 115.5 | L65: 104 | M65: 115.3 | N65: 116.8 | O65: 123.2 | P65: 125.1 | Q65: 120 | R65: 122.7 | S65: 120.3 | T65: 122.3 | U65: NA | V65: 116.4 | W65: 117.5 | X65: 115.3 | Y65: 112.6 | Z65: 113 | AA65: 116.9 | AB65: 109.3 | AC65: 114 | AD65: 121
A66: Urban | B66: 2014 | C66: October | D66: 124.6 | E66: 126.1 | F66: 117.8 | G66: 123.1 | H66: 103.5 | I66: 123.5 | J66: 159.6 | K66: 117.4 | L66: 101.2 | M66: 123.8 | N66: 115.2 | O66: 125.9 | P66: 125.8 | Q66: 124.3 | R66: 119.6 | S66: 114.9 | T66: 118.9 | U66: 116.7 | V66: 112 | W66: 115.8 | X66: 112.6 | Y66: 111 | Z66: 113.6 | AA66: 120.2 | AB66: 110.1 | AC66: 113.7 | AD66: 119.1
A67: Rural+Urban | B67: 2014 | C67: October | D67: 123.2 | E67: 123.8 | F67: 118.1 | G67: 123.2 | H67: 107.9 | I67: 126.4 | J67: 156.8 | K67: 116.1 | L67: 103.1 | M67: 118.1 | N67: 116.1 | O67: 124.5 | P67: 125.4 | Q67: 121.1 | R67: 121.5 | S67: 118.1 | T67: 121 | U67: 116.7 | V67: 114.7 | W67: 116.7 | X67: 114.3 | Y67: 111.8 | Z67: 113.3 | AA67: 118.8 | AB67: 109.6 | AC67: 113.9 | AD67: 120.1
A68: Rural | B68: 2014 | C68: November | D68: 122.7 | E68: 122.6 | F68: 119.9 | G68: 124 | H68: 110.5 | I68: 128.8 | J68: 152 | K68: 116.2 | L68: 103.3 | M68: 115.8 | N68: 116.8 | O68: 124.5 | P68: 124.9 | Q68: 120.8 | R68: 123.3 | S68: 120.5 | T68: 122.9 | U68: NA | V68: 117.3 | W68: 118.1 | X68: 115.9 | Y68: 112 | Z68: 113.3 | AA68: 117.2 | AB68: 108.8 | AC68: 114.1 | AD68: 121.1
A69: Urban | B69: 2014 | C69: November | D69: 124.5 | E69: 125.6 | F69: 122.7 | G69: 124.6 | H69: 103.2 | I69: 122.2 | J69: 153.2 | K69: 119.3 | L69: 99.8 | M69: 124.6 | N69: 115.8 | O69: 126.9 | P69: 125.4 | Q69: 125.8 | R69: 120.3 | S69: 115.4 | T69: 119.5 | U69: 117.1 | V69: 112.6 | W69: 116.4 | X69: 113 | Y69: 109.7 | Z69: 114 | AA69: 120.3 | AB69: 109.6 | AC69: 113.4 | AD69: 119
A70: Rural+Urban | B70: 2014 | C70: November | D70: 123.3 | E70: 123.7 | F70: 121 | G70: 124.2 | H70: 107.8 | I70: 125.7 | J70: 152.4 | K70: 117.2 | L70: 102.1 | M70: 118.7 | N70: 116.4 | O70: 125.6 | P70: 125.1 | Q70: 122.1 | R70: 122.1 | S70: 118.4 | T70: 121.6 | U70: 117.1 | V70: 115.5 | W70: 117.3 | X70: 114.8 | Y70: 110.8 | Z70: 113.7 | AA70: 119 | AB70: 109.1 | AC70: 113.8 | AD70: 120.1
A71: Rural | B71: 2014 | C71: December | D71: 122.4 | E71: 122.4 | F71: 121.8 | G71: 124.2 | H71: 110.2 | I71: 128.6 | J71: 140.3 | K71: 116.3 | L71: 102 | M71: 116 | N71: 117.3 | O71: 124.8 | P71: 123.3 | Q71: 121.7 | R71: 123.8 | S71: 120.6 | T71: 123.3 | U71: NA | V71: 117.4 | W71: 118.2 | X71: 116.2 | Y71: 111.5 | Z71: 113.3 | AA71: 117.7 | AB71: 109.4 | AC71: 114.2 | AD71: 120.3
A72: Urban | B72: 2014 | C72: December | D72: 124 | E72: 124.7 | F72: 126.3 | G72: 124.9 | H72: 103 | I72: 122.3 | J72: 141 | K72: 120.1 | L72: 97.8 | M72: 125.4 | N72: 116.1 | O72: 127.6 | P72: 124 | Q72: 126.4 | R72: 120.7 | S72: 115.8 | T72: 120 | U72: 116.5 | V72: 113 | W72: 116.8 | X72: 113.2 | Y72: 108.8 | Z72: 114.3 | AA72: 120.7 | AB72: 110.4 | AC72: 113.4 | AD72: 118.4
A73: Rural+Urban | B73: 2014 | C73: December | D73: 122.9 | E73: 123.2 | F73: 123.5 | G73: 124.5 | H73: 107.6 | I73: 125.7 | J73: 140.5 | K73: 117.6 | L73: 100.6 | M73: 119.1 | N73: 116.8 | O73: 126.1 | P73: 123.6 | Q73: 123 | R73: 122.6 | S73: 118.6 | T73: 122 | U73: 116.5 | V73: 115.7 | W73: 117.5 | X73: 115.1 | Y73: 110.1 | Z73: 113.9 | AA73: 119.5 | AB73: 109.8 | AC73: 113.8 | AD73: 119.4
A74: Rural | B74: 2015 | C74: January | D74: 123.1 | E74: 123.1 | F74: 122.1 | G74: 124.9 | H74: 111 | I74: 130.4 | J74: 132.3 | K74: 117.2 | L74: 100.5 | M74: 117.2 | N74: 117.9 | O74: 125.6 | P74: 122.8 | Q74: 122.7 | R74: 124.4 | S74: 121.6 | T74: 124 | U74: NA | V74: 118.4 | W74: 118.9 | X74: 116.6 | Y74: 111 | Z74: 114 | AA74: 118.2 | AB74: 110.2 | AC74: 114.5 | AD74: 120.3
A75: Urban | B75: 2015 | C75: January | D75: 124 | E75: 125.5 | F75: 126.6 | G75: 125.2 | H75: 104.3 | I75: 121.3 | J75: 134.4 | K75: 122.9 | L75: 96.1 | M75: 126.6 | N75: 116.5 | O75: 128 | P75: 123.5 | Q75: 127.4 | R75: 121 | S75: 116.1 | T75: 120.2 | U75: 117.3 | V75: 113.4 | W75: 117.2 | X75: 113.7 | Y75: 107.9 | Z75: 114.6 | AA75: 120.8 | AB75: 111.4 | AC75: 113.4 | AD75: 118.5
A76: Rural+Urban | B76: 2015 | C76: January | D76: 123.4 | E76: 123.9 | F76: 123.8 | G76: 125 | H76: 108.5 | I76: 126.2 | J76: 133 | K76: 119.1 | L76: 99 | M76: 120.3 | N76: 117.3 | O76: 126.7 | P76: 123.1 | Q76: 124 | R76: 123.1 | S76: 119.3 | T76: 122.5 | U76: 117.3 | V76: 116.5 | W76: 118.1 | X76: 115.5 | Y76: 109.4 | Z76: 114.3 | AA76: 119.7 | AB76: 110.7 | AC76: 114 | AD76: 119.5
A77: Rural | B77: 2015 | C77: February | D77: 123.4 | E77: 124.4 | F77: 122.1 | G77: 125.8 | H77: 111.5 | I77: 129.4 | J77: 128.2 | K77: 118.8 | L77: 100 | M77: 118.6 | N77: 118.8 | O77: 126.8 | P77: 122.8 | Q77: 124.2 | R77: 125.4 | S77: 122.7 | T77: 125 | U77: NA | V77: 120 | W77: 119.6 | X77: 117.7 | Y77: 110.9 | Z77: 114.8 | AA77: 118.7 | AB77: 110.8 | AC77: 115 | AD77: 120.6
A78: Urban | B78: 2015 | C78: February | D78: 124.3 | E78: 126.5 | F78: 119.5 | G78: 125.6 | H78: 104.9 | I78: 121.6 | J78: 131.8 | K78: 125.1 | L78: 95 | M78: 127.7 | N78: 116.8 | O78: 128.6 | P78: 123.7 | Q78: 128.1 | R78: 121.3 | S78: 116.5 | T78: 120.6 | U78: 118.1 | V78: 114 | W78: 117.7 | X78: 114.1 | Y78: 106.8 | Z78: 114.9 | AA78: 120.4 | AB78: 111.7 | AC78: 113.2 | AD78: 118.7
A79: Rural+Urban | B79: 2015 | C79: February | D79: 123.7 | E79: 125.1 | F79: 121.1 | G79: 125.7 | H79: 109.1 | I79: 125.8 | J79: 129.4 | K79: 120.9 | L79: 98.3 | M79: 121.6 | N79: 118 | O79: 127.6 | P79: 123.1 | Q79: 125.2 | R79: 123.8 | S79: 120.1 | T79: 123.3 | U79: 118.1 | V79: 117.7 | W79: 118.7 | X79: 116.3 | Y79: 108.7 | Z79: 114.9 | AA79: 119.7 | AB79: 111.2 | AC79: 114.1 | AD79: 119.7
A80: Rural | B80: 2015 | C80: March | D80: 123.3 | E80: 124.7 | F80: 118.9 | G80: 126 | H80: 111.8 | I80: 130.9 | J80: 128 | K80: 119.9 | L80: 98.9 | M80: 119.4 | N80: 118.9 | O80: 127.7 | P80: 123.1 | Q80: 124.7 | R80: 126 | S80: 122.9 | T80: 125.5 | U80: NA | V80: 120.6 | W80: 120.2 | X80: 118.2 | Y80: 111.6 | Z80: 115.5 | AA80: 119.4 | AB80: 110.8 | AC80: 115.5 | AD80: 121.1
A81: Urban | B81: 2015 | C81: March | D81: 124 | E81: 126.7 | F81: 113.5 | G81: 125.9 | H81: 104.8 | I81: 123.8 | J81: 131.4 | K81: 127.2 | L81: 93.2 | M81: 127.4 | N81: 117 | O81: 129.2 | P81: 123.9 | Q81: 128.8 | R81: 121.7 | S81: 116.9 | T81: 120.9 | U81: 118.6 | V81: 114.4 | W81: 118 | X81: 114.3 | Y81: 108.4 | Z81: 115.4 | AA81: 120.6 | AB81: 111.3 | AC81: 113.8 | AD81: 119.1
A82: Rural+Urban | B82: 2015 | C82: March | D82: 123.5 | E82: 125.4 | F82: 116.8 | G82: 126 | H82: 109.2 | I82: 127.6 | J82: 129.2 | K82: 122.4 | L82: 97 | M82: 122.1 | N82: 118.1 | O82: 128.4 | P82: 123.4 | Q82: 125.8 | R82: 124.3 | S82: 120.4 | T82: 123.7 | U82: 118.6 | V82: 118.3 | W82: 119.2 | X82: 116.7 | Y82: 109.9 | Z82: 115.4 | AA82: 120.1 | AB82: 111 | AC82: 114.7 | AD82: 120.2
A83: Rural | B83: 2015 | C83: April | D83: 123.3 | E83: 125.5 | F83: 117.2 | G83: 126.8 | H83: 111.9 | I83: 134.2 | J83: 127.5 | K83: 121.5 | L83: 97.8 | M83: 119.8 | N83: 119.4 | O83: 128.7 | P83: 123.6 | Q83: 125.7 | R83: 126.4 | S83: 123.3 | T83: 126 | U83: NA | V83: 121.2 | W83: 120.9 | X83: 118.6 | Y83: 111.9 | Z83: 116.2 | AA83: 119.9 | AB83: 111.6 | AC83: 116 | AD83: 121.5
A84: Urban | B84: 2015 | C84: April | D84: 123.8 | E84: 128.2 | F84: 110 | G84: 126.3 | H84: 104.5 | I84: 130.6 | J84: 130.8 | K84: 131.3 | L84: 91.6 | M84: 127.7 | N84: 117.2 | O84: 129.5 | P84: 124.6 | Q84: 130.1 | R84: 122.1 | S84: 117.2 | T84: 121.3 | U84: 119.2 | V84: 114.7 | W84: 118.4 | X84: 114.6 | Y84: 108.4 | Z84: 115.6 | AA84: 121.7 | AB84: 111.8 | AC84: 114.2 | AD84: 119.7
A85: Rural+Urban | B85: 2015 | C85: April | D85: 123.5 | E85: 126.4 | F85: 114.4 | G85: 126.6 | H85: 109.2 | I85: 132.5 | J85: 128.6 | K85: 124.8 | L85: 95.7 | M85: 122.4 | N85: 118.5 | O85: 129.1 | P85: 124 | Q85: 126.9 | R85: 124.7 | S85: 120.8 | T85: 124.1 | U85: 119.2 | V85: 118.7 | W85: 119.7 | X85: 117.1 | Y85: 110.1 | Z85: 115.9 | AA85: 121 | AB85: 111.7 | AC85: 115.1 | AD85: 120.7
A86: Rural | B86: 2015 | C86: May | D86: 123.5 | E86: 127.1 | F86: 117.3 | G86: 127.7 | H86: 112.5 | I86: 134.1 | J86: 128.5 | K86: 124.3 | L86: 97.6 | M86: 120.7 | N86: 120.2 | O86: 129.8 | P86: 124.4 | Q86: 126.7 | R86: 127.3 | S86: 124.1 | T86: 126.8 | U86: NA | V86: 121.9 | W86: 121.5 | X86: 119.4 | Y86: 113.3 | Z86: 116.7 | AA86: 120.5 | AB86: 112.3 | AC86: 116.9 | AD86: 122.4
A87: Urban | B87: 2015 | C87: May | D87: 123.8 | E87: 129.7 | F87: 111.3 | G87: 126.6 | H87: 105.2 | I87: 130.8 | J87: 135.6 | K87: 142.6 | L87: 90.8 | M87: 128.8 | N87: 117.7 | O87: 129.9 | P87: 126.1 | Q87: 131.3 | R87: 122.4 | S87: 117.4 | T87: 121.6 | U87: 119.6 | V87: 114.9 | W87: 118.7 | X87: 114.9 | Y87: 110.8 | Z87: 116 | AA87: 122 | AB87: 112.4 | AC87: 115.2 | AD87: 120.7
A88: Rural+Urban | B88: 2015 | C88: May | D88: 123.6 | E88: 128 | F88: 115 | G88: 127.3 | H88: 109.8 | I88: 132.6 | J88: 130.9 | K88: 130.5 | L88: 95.3 | M88: 123.4 | N88: 119.2 | O88: 129.8 | P88: 125 | Q88: 127.9 | R88: 125.4 | S88: 121.3 | T88: 124.7 | U88: 119.6 | V88: 119.2 | W88: 120.2 | X88: 117.7 | Y88: 112 | Z88: 116.3 | AA88: 121.4 | AB88: 112.3 | AC88: 116.1 | AD88: 121.6
A89: Rural | B89: 2015 | C89: June | D89: 124.1 | E89: 130.4 | F89: 122.1 | G89: 128.7 | H89: 114.1 | I89: 133.2 | J89: 135.2 | K89: 131.9 | L89: 96.3 | M89: 123 | N89: 121.1 | O89: 131.2 | P89: 126.6 | Q89: 128.2 | R89: 128.4 | S89: 125.1 | T89: 128 | U89: NA | V89: 122.6 | W89: 122.8 | X89: 120.4 | Y89: 114.2 | Z89: 117.9 | AA89: 122 | AB89: 113 | AC89: 117.9 | AD89: 124.1
A90: Urban | B90: 2015 | C90: June | D90: 123.6 | E90: 134.4 | F90: 120.9 | G90: 127.3 | H90: 106 | I90: 132.3 | J90: 146.7 | K90: 148.1 | L90: 89.8 | M90: 130.5 | N90: 118 | O90: 130.5 | P90: 128.5 | Q90: 132.1 | R90: 123.2 | S90: 117.6 | T90: 122.3 | U90: 119 | V90: 115.1 | W90: 119.2 | X90: 115.4 | Y90: 111.7 | Z90: 116.2 | AA90: 123.8 | AB90: 112.5 | AC90: 116 | AD90: 121.7
A91: Rural+Urban | B91: 2015 | C91: June | D91: 123.9 | E91: 131.8 | F91: 121.6 | G91: 128.2 | H91: 111.1 | I91: 132.8 | J91: 139.1 | K91: 137.4 | L91: 94.1 | M91: 125.5 | N91: 119.8 | O91: 130.9 | P91: 127.3 | Q91: 129.2 | R91: 126.4 | S91: 122 | T91: 125.7 | U91: 119 | V91: 119.8 | W91: 121.1 | X91: 118.5 | Y91: 112.9 | Z91: 116.9 | AA91: 123.1 | AB91: 112.8 | AC91: 117 | AD91: 123
A92: Rural | B92: 2015 | C92: July | D92: 124 | E92: 131.5 | F92: 122 | G92: 128.7 | H92: 113.5 | I92: 133.3 | J92: 140.8 | K92: 133.8 | L92: 94.1 | M92: 123.4 | N92: 121 | O92: 131.7 | P92: 127.5 | Q92: 129.4 | R92: 128.8 | S92: 125.5 | T92: 128.3 | U92: NA | V92: 123 | W92: 123 | X92: 120.8 | Y92: 114.1 | Z92: 118 | AA92: 122.9 | AB92: 112.7 | AC92: 118.1 | AD92: 124.7
A93: Urban | B93: 2015 | C93: July | D93: 123.2 | E93: 134.3 | F93: 119.5 | G93: 127.7 | H93: 106.3 | I93: 132.8 | J93: 153.5 | K93: 149.5 | L93: 85.7 | M93: 131.5 | N93: 118.3 | O93: 131.1 | P93: 129.5 | Q93: 133.1 | R93: 123.5 | S93: 117.9 | T93: 122.7 | U93: 119.9 | V93: 115.3 | W93: 119.5 | X93: 116 | Y93: 111.5 | Z93: 116.6 | AA93: 125.4 | AB93: 111.7 | AC93: 116.3 | AD93: 122.4
A94: Rural+Urban | B94: 2015 | C94: July | D94: 123.7 | E94: 132.5 | F94: 121 | G94: 128.3 | H94: 110.9 | I94: 133.1 | J94: 145.1 | K94: 139.1 | L94: 91.3 | M94: 126.1 | N94: 119.9 | O94: 131.4 | P94: 128.2 | Q94: 130.4 | R94: 126.7 | S94: 122.3 | T94: 126.1 | U94: 119.9 | V94: 120.1 | W94: 121.3 | X94: 119 | Y94: 112.7 | Z94: 117.2 | AA94: 124.4 | AB94: 112.3 | AC94: 117.2 | AD94: 123.6
A95: Rural | B95: 2015 | C95: August | D95: 124.7 | E95: 131.3 | F95: 121.3 | G95: 128.8 | H95: 114 | I95: 134.2 | J95: 153.6 | K95: 137.9 | L95: 93.1 | M95: 123.9 | N95: 121.5 | O95: 132.5 | P95: 129.8 | Q95: 130.1 | R95: 129.5 | S95: 126.3 | T95: 129 | U95: NA | V95: 123.8 | W95: 123.7 | X95: 121.1 | Y95: 113.6 | Z95: 118.5 | AA95: 123.6 | AB95: 112.5 | AC95: 118.2 | AD95: 126.1
A96: Urban | B96: 2015 | C96: August | D96: 123.1 | E96: 131.7 | F96: 118.1 | G96: 128 | H96: 106.8 | I96: 130.1 | J96: 165.5 | K96: 156 | L96: 85.3 | M96: 132.7 | N96: 118.8 | O96: 131.7 | P96: 131.1 | Q96: 134.2 | R96: 123.7 | S96: 118.2 | T96: 122.9 | U96: 120.9 | V96: 115.3 | W96: 120 | X96: 116.6 | Y96: 109.9 | Z96: 117.2 | AA96: 126.2 | AB96: 112 | AC96: 116.2 | AD96: 123.2
A97: Rural+Urban | B97: 2015 | C97: August | D97: 124.2 | E97: 131.4 | F97: 120.1 | G97: 128.5 | H97: 111.4 | I97: 132.3 | J97: 157.6 | K97: 144 | L97: 90.5 | M97: 126.8 | N97: 120.4 | O97: 132.1 | P97: 130.3 | Q97: 131.2 | R97: 127.2 | S97: 122.9 | T97: 126.6 | U97: 120.9 | V97: 120.6 | W97: 122 | X97: 119.4 | Y97: 111.7 | Z97: 117.8 | AA97: 125.1 | AB97: 112.3 | AC97: 117.2 | AD97: 124.8
A98: Rural | B98: 2015 | C98: September | D98: 125.1 | E98: 131.1 | F98: 120.7 | G98: 129.2 | H98: 114.7 | I98: 132.3 | J98: 158.9 | K98: 142.1 | L98: 92.5 | M98: 125.4 | N98: 121.9 | O98: 132.7 | P98: 131 | Q98: 131 | R98: 130.4 | S98: 126.8 | T98: 129.9 | U98: NA | V98: 123.7 | W98: 124.5 | X98: 121.4 | Y98: 113.8 | Z98: 119.6 | AA98: 124.5 | AB98: 113.7 | AC98: 118.8 | AD98: 127
A99: Urban | B99: 2015 | C99: September | D99: 123.4 | E99: 129 | F99: 115.6 | G99: 128.3 | H99: 107 | I99: 124 | J99: 168.5 | K99: 165.4 | L99: 86.3 | M99: 134.4 | N99: 119.1 | O99: 132.3 | P99: 131.5 | Q99: 134.7 | R99: 124 | S99: 118.6 | T99: 123.2 | U99: 121.6 | V99: 115.1 | W99: 120.4 | X99: 117.1 | Y99: 109.1 | Z99: 117.3 | AA99: 126.5 | AB99: 112.9 | AC99: 116.2 | AD99: 123.5
A100: Rural+Urban | B100: 2015 | C100: September | D100: 124.6 | E100: 130.4 | F100: 118.7 | G100: 128.9 | H100: 111.9 | I100: 128.4 | J100: 162.2 | K100: 150 | L100: 90.4 | M100: 128.4 | N100: 120.7 | O100: 132.5 | P100: 131.2 | Q100: 132 | R100: 127.9 | S100: 123.4 | T100: 127.2 | U100: 121.6 | V100: 120.4 | W100: 122.6 | X100: 119.8 | Y100: 111.3 | Z100: 118.3 | AA100: 125.7 | AB100: 113.4 | AC100: 117.5 | AD100: 125.4
...

Sheet Cleaned Data
A1: Sector | B1: Year | C1: Month | D1: Cereals and products | E1: Meat and fish | F1: Egg | G1: Milk and products | H1: Oils and fats | I1: Fruits | J1: Vegetables | K1: Pulses and products | L1: Sugar and Confectionery | M1: Spices | N1: Non-alcoholic beverages | O1: Prepared meals, snacks, sweets etc. | P1: Food and beverages | Q1: Pan, tobacco and intoxicants | R1: Clothing | S1: Footwear | T1: Clothing and footwear | U1: Housing | V1: Fuel and light | W1: Household goods and services | X1: Health | Y1: Transport and communication | Z1: Recreation and amusement | AA1: Education | AB1: Personal care and effects | AC1: Miscellaneous | AD1: General index
A2: Rural | B2: 2013 | C2: January | D2: 107.5 | E2: 106.3 | F2: 108.1 | G2: 104.9 | H2: 106.1 | I2: 103.9 | J2: 101.9 | K2: 106.1 | L2: 106.8 | M2: 103.1 | N2: 104.8 | O2: 106.7 | P2: 105.5 | Q2: 105.1 | R2: 106.5 | S2: 105.8 | T2: 106.4 | U2: NA | V2: 105.5 | W2: 104.8 | X2: 104 | Y2: 103.3 | Z2: 103.4 | AA2: 103.8 | AB2: 104.7 | AC2: 104 | AD2: 105.1
A3: Urban | B3: 2013 | C3: January | D3: 110.5 | E3: 109.1 | F3: 113 | G3: 103.6 | H3: 103.4 | I3: 102.3 | J3: 102.9 | K3: 105.8 | L3: 105.1 | M3: 101.8 | N3: 105.1 | O3: 107.9 | P3: 105.9 | Q3: 105.2 | R3: 105.9 | S3: 105 | T3: 105.8 | U3: 100.3 | V3: 105.4 | W3: 104.8 | X3: 104.1 | Y3: 103.2 | Z3: 102.9 | AA3: 103.5 | AB3: 104.3 | AC3: 103.7 | AD3: 104
A4: Rural+Urban | B4: 2013 | C4: January | D4: 108.4 | E4: 107.3 | F4: 110 | G4: 104.4 | H4: 105.1 | I4: 103.2 | J4: 102.2 | K4: 106 | L4: 106.2 | M4: 102.7 | N4: 104.9 | O4: 107.3 | P4: 105.6 | Q4: 105.1 | R4: 106.3 | S4: 105.5 | T4: 106.2 | U4: 100.3 | V4: 105.5 | W4: 104.8 | X4: 104 | Y4: 103.2 | Z4: 103.1 | AA4: 103.6 | AB4: 104.5 | AC4: 103.9 | AD4: 104.6
A5: Rural | B5: 2013 | C5: February | D5: 109.2 | E5: 108.7 | F5: 110.2 | G5: 105.4 | H5: 106.7 | I5: 104 | J5: 102.4 | K5: 105.9 | L5: 105.7 | M5: 103.1 | N5: 105.1 | O5: 107.7 | P5: 106.3 | Q5: 105.6 | R5: 107.1 | S5: 106.3 | T5: 107 | U5: NA | V5: 106.2 | W5: 105.2 | X5: 104.4 | Y5: 103.9 | Z5: 104 | AA5: 104.1 | AB5: 104.6 | AC5: 104.4 | AD5: 105.8
A6: Urban | B6: 2013 | C6: February | D6: 112.9 | E6: 112.9 | F6: 116.9 | G6: 104 | H6: 103.5 | I6: 103.1 | J6: 104.9 | K6: 104.1 | L6: 103.8 | M6: 102.3 | N6: 106 | O6: 109 | P6: 107.2 | Q6: 106 | R6: 106.6 | S6: 105.5 | T6: 106.4 | U6: 100.4 | V6: 105.7 | W6: 105.2 | X6: 104.7 | Y6: 104.4 | Z6: 103.3 | AA6: 103.7 | AB6: 104.3 | AC6: 104.3 | AD6: 104.7
A7: Rural+Urban | B7: 2013 | C7: February | D7: 110.4 | E7: 110.2 | F7: 112.8 | G7: 104.9 | H7: 105.5 | I7: 103.6 | J7: 103.2 | K7: 105.3 | L7: 105.1 | M7: 102.8 | N7: 105.5 | O7: 108.3 | P7: 106.6 | Q7: 105.7 | R7: 106.9 | S7: 106 | T7: 106.8 | U7: 100.4 | V7: 106 | W7: 105.2 | X7: 104.5 | Y7: 104.2 | Z7: 103.6 | AA7: 103.9 | AB7: 104.5 | AC7: 104.4 | AD7: 105.3
A8: Rural | B8: 2013 | C8: March | D8: 110.2 | E8: 108.8 | F8: 109.9 | G8: 105.6 | H8: 106.2 | I8: 105.7 | J8: 101.4 | K8: 105.7 | L8: 105 | M8: 103.3 | N8: 105.6 | O8: 108.2 | P8: 106.6 | Q8: 106.5 | R8: 107.6 | S8: 106.8 | T8: 107.5 | U8: NA | V8: 106.1 | W8: 105.6 | X8: 104.7 | Y8: 104.6 | Z8: 104 | AA8: 104.3 | AB8: 104.3 | AC8: 104.6 | AD8: 106
A9: Urban | B9: 2013 | C9: March | D9: 113.9 | E9: 111.4 | F9: 113.2 | G9: 104.3 | H9: 102.7 | I9: 104.9 | J9: 103.8 | K9: 103.5 | L9: 102.6 | M9: 102.4 | N9: 107 | O9: 109.8 | P9: 107.3 | Q9: 106.8 | R9: 107.2 | S9: 106 | T9: 107 | U9: 100.4 | V9: 106 | W9: 105.7 | X9: 105.2 | Y9: 105.5 | Z9: 103.5 | AA9: 103.8 | AB9: 104.2 | AC9: 104.9 | AD9: 105
A10: Rural+Urban | B10: 2013 | C10: March | D10: 111.4 | E10: 109.7 | F10: 111.2 | G10: 105.1 | H10: 104.9 | I10: 105.3 | J10: 102.2 | K10: 105 | L10: 104.2 | M10: 103 | N10: 106.2 | O10: 108.9 | P10: 106.9 | Q10: 106.6 | R10: 107.4 | S10: 106.5 | T10: 107.3 | U10: 100.4 | V10: 106.1 | W10: 105.6 | X10: 104.9 | Y10: 105.1 | Z10: 103.7 | AA10: 104 | AB10: 104.3 | AC10: 104.7 | AD10: 105.5
A11: Rural | B11: 2013 | C11: April | D11: 110.2 | E11: 109.5 | F11: 106.9 | G11: 106.3 | H11: 105.7 | I11: 108.3 | J11: 103.4 | K11: 105.7 | L11: 104.2 | M11: 103.2 | N11: 106.5 | O11: 108.8 | P11: 107.1 | Q11: 107.1 | R11: 108.1 | S11: 107.4 | T11: 108 | U11: NA | V11: 106.5 | W11: 106.1 | X11: 105.1 | Y11: 104.4 | Z11: 104.5 | AA11: 104.8 | AB11: 102.7 | AC11: 104.6 | AD11: 106.4
A12: Urban | B12: 2013 | C12: April | D12: 114.6 | E12: 113.4 | F12: 106 | G12: 104.7 | H12: 102.1 | I12: 109.5 | J12: 109.7 | K12: 104.6 | L12: 102 | M12: 103.5 | N12: 108.2 | O12: 110.6 | P12: 108.8 | Q12: 108.5 | R12: 107.9 | S12: 106.4 | T12: 107.7 | U12: 100.5 | V12: 106.4 | W12: 106.5 | X12: 105.7 | Y12: 105 | Z12: 104 | AA12: 105.2 | AB12: 103.2 | AC12: 105.1 | AD12: 105.7
A13: Rural+Urban | B13: 2013 | C13: April | D13: 111.6 | E13: 110.9 | F13: 106.6 | G13: 105.7 | H13: 104.4 | I13: 108.9 | J13: 105.5 | K13: 105.3 | L13: 103.5 | M13: 103.3 | N13: 107.2 | O13: 109.6 | P13: 107.7 | Q13: 107.5 | R13: 108 | S13: 107 | T13: 107.9 | U13: 100.5 | V13: 106.5 | W13: 106.3 | X13: 105.3 | Y13: 104.7 | Z13: 104.2 | AA13: 105 | AB13: 102.9 | AC13: 104.8 | AD13: 106.1
A14: Rural | B14: 2013 | C14: May | D14: 110.9 | E14: 109.8 | F14: 105.9 | G14: 107.5 | H14: 105.3 | I14: 108.1 | J14: 107.3 | K14: 106.1 | L14: 103.7 | M14: 104 | N14: 107.4 | O14: 109.9 | P14: 108.1 | Q14: 108.1 | R14: 108.8 | S14: 107.9 | T14: 108.6 | U14: NA | V14: 107.5 | W14: 106.8 | X14: 105.7 | Y14: 104.1 | Z14: 105 | AA14: 105.5 | AB14: 102.1 | AC14: 104.8 | AD14: 107.2
A15: Urban | B15: 2013 | C15: May | D15: 115.4 | E15: 114.2 | F15: 102.7 | G15: 105.5 | H15: 101.5 | I15: 110.6 | J15: 123.7 | K15: 105.2 | L15: 101.9 | M15: 105 | N15: 109.1 | O15: 111.3 | P15: 111.1 | Q15: 109.8 | R15: 108.5 | S15: 106.7 | T15: 108.3 | U15: 100.5 | V15: 107.2 | W15: 107.1 | X15: 106.2 | Y15: 103.9 | Z15: 104.6 | AA15: 105.7 | AB15: 102.6 | AC15: 104.9 | AD15: 106.6
A16: Rural+Urban | B16: 2013 | C16: May | D16: 112.3 | E16: 111.3 | F16: 104.7 | G16: 106.8 | H16: 103.9 | I16: 109.3 | J16: 112.9 | K16: 105.8 | L16: 103.1 | M16: 104.3 | N16: 108.1 | O16: 110.5 | P16: 109.2 | Q16: 108.6 | R16: 108.7 | S16: 107.4 | T16: 108.5 | U16: 100.5 | V16: 107.4 | W16: 106.9 | X16: 105.9 | Y16: 104 | Z16: 104.8 | AA16: 105.6 | AB16: 102.3 | AC16: 104.8 | AD16: 106.9
A17: Rural | B17: 2013 | C17: June | D17: 112.3 | E17: 112.1 | F17: 108.1 | G17: 108.3 | H17: 105.9 | I17: 109.2 | J17: 118 | K17: 106.8 | L17: 104.1 | M17: 105.4 | N17: 108.2 | O17: 111 | P17: 110.6 | Q17: 109 | R17: 109.7 | S17: 108.8 | T17: 109.5 | U17: NA | V17: 108.5 | W17: 107.5 | X17: 106.3 | Y17: 105 | Z17: 105.6 | AA17: 106.5 | AB17: 102.5 | AC17: 105.5 | AD17: 108.9
A18: Urban | B18: 2013 | C18: June | D18: 117 | E18: 120.1 | F18: 112.5 | G18: 107.3 | H18: 101.3 | I18: 112.4 | J18: 143.6 | K18: 105.4 | L18: 101.4 | M18: 106.4 | N18: 110 | O18: 112.2 | P18: 115 | Q18: 110.9 | R18: 109.2 | S18: 107.2 | T18: 108.9 | U18: 106.6 | V18: 108 | W18: 107.7 | X18: 106.5 | Y18: 105.2 | Z18: 105.2 | AA18: 108.1 | AB18: 103.3 | AC18: 106.1 | AD18: 109.7
A19: Rural+Urban | B19: 2013 | C19: June | D19: 113.8 | E19: 114.9 | F19: 109.8 | G19: 107.9 | H19: 104.2 | I19: 110.7 | J19: 126.7 | K19: 106.3 | L19: 103.2 | M19: 105.7 | N19: 109 | O19: 111.6 | P19: 112.2 | Q19: 109.5 | R19: 109.5 | S19: 108.1 | T19: 109.3 | U19: 106.6 | V19: 108.3 | W19: 107.6 | X19: 106.4 | Y19: 105.1 | Z19: 105.4 | AA19: 107.4 | AB19: 102.8 | AC19: 105.8 | AD19: 109.3
A20: Rural | B20: 2013 | C20: July | D20: 113.4 | E20: 114.9 | F20: 110.5 | G20: 109.3 | H20: 106.2 | I20: 110.3 | J20: 129.2 | K20: 107.1 | L20: 104.3 | M20: 106.4 | N20: 109.1 | O20: 112.1 | P20: 113.1 | Q20: 109.8 | R20: 110.5 | S20: 109.5 | T20: 110.3 | U20: NA | V20: 109.5 | W20: 108.3 | X20: 106.9 | Y20: 106.8 | Z20: 106.4 | AA20: 107.8 | AB20: 102.5 | AC20: 106.5 | AD20: 110.7
A21: Urban | B21: 2013 | C21: July | D21: 117.8 | E21: 119.2 | F21: 114 | G21: 108.3 | H21: 101.1 | I21: 113.2 | J21: 160.9 | K21: 105.1 | L21: 101.3 | M21: 107.5 | N21: 110.4 | O21: 113.1 | P21: 117.5 | Q21: 111.7 | R21: 109.8 | S21: 107.8 | T21: 109.5 | U21: 107.7 | V21: 108.6 | W21: 108.1 | X21: 107.1 | Y21: 107.3 | Z21: 105.9 | AA21: 110.1 | AB21: 103.2 | AC21: 107.3 | AD21: 111.4
A22: Rural+Urban | B22: 2013 | C22: July | D22: 114.8 | E22: 116.4 | F22: 111.9 | G22: 108.9 | H22: 104.3 | I22: 111.7 | J22: 140 | K22: 106.4 | L22: 103.3 | M22: 106.8 | N22: 109.6 | O22: 112.6 | P22: 114.7 | Q22: 110.3 | R22: 110.2 | S22: 108.8 | T22: 110 | U22: 107.7 | V22: 109.2 | W22: 108.2 | X22: 107 | Y22: 107.1 | Z22: 106.1 | AA22: 109.1 | AB22: 102.8 | AC22: 106.9 | AD22: 111
A23: Rural | B23: 2013 | C23: August | D23: 114.3 | E23: 115.4 | F23: 111.1 | G23: 110 | H23: 106.4 | I23: 110.8 | J23: 138.9 | K23: 107.4 | L23: 104.1 | M23: 106.9 | N23: 109.7 | O23: 112.6 | P23: 114.9 | Q23: 110.7 | R23: 111.3 | S23: 110.2 | T23: 111.1 | U23: NA | V23: 109.9 | W23: 108.7 | X23: 107.5 | Y23: 107.8 | Z23: 106.8 | AA23: 108.7 | AB23: 105 | AC23: 107.5 | AD23: 112.1
A24: Urban | B24: 2013 | C24: August | D24: 118.3 | E24: 120.4 | F24: 112.7 | G24: 108.9 | H24: 101.1 | I24: 108.7 | J24: 177 | K24: 104.7 | L24: 101 | M24: 108.5 | N24: 110.9 | O24: 114.3 | P24: 119.6 | Q24: 112.4 | R24: 110.6 | S24: 108.3 | T24: 110.2 | U24: 108.9 | V24: 109.3 | W24: 108.7 | X24: 107.6 | Y24: 108.1 | Z24: 106.5 | AA24: 110.8 | AB24: 106 | AC24: 108.3 | AD24: 112.7
A25: Rural+Urban | B25: 2013 | C25: August | D25: 115.6 | E25: 117.2 | F25: 111.7 | G25: 109.6 | H25: 104.5 | I25: 109.8 | J25: 151.8 | K25: 106.5 | L25: 103.1 | M25: 107.4 | N25: 110.2 | O25: 113.4 | P25: 116.6 | Q25: 111.2 | R25: 111 | S25: 109.4 | T25: 110.7 | U25: 108.9 | V25: 109.7 | W25: 108.7 | X25: 107.5 | Y25: 108 | Z25: 106.6 | AA25: 109.9 | AB25: 105.4 | AC25: 107.9 | AD25: 112.4
A26: Rural | B26: 2013 | C26: September | D26: 115.4 | E26: 115.7 | F26: 111.7 | G26: 111 | H26: 107.4 | I26: 110.9 | J26: 154 | K26: 108.1 | L26: 104.2 | M26: 107.9 | N26: 110.4 | O26: 114 | P26: 117.8 | Q26: 111.7 | R26: 112.7 | S26: 111.4 | T26: 112.5 | U26: NA | V26: 111.1 | W26: 109.6 | X26: 108.3 | Y26: 109.3 | Z26: 107.7 | AA26: 109.8 | AB26: 106.7 | AC26: 108.7 | AD26: 114.2
A27: Urban | B27: 2013 | C27: September | D27: 118.6 | E27: 119.1 | F27: 113.2 | G27: 109.6 | H27: 101.7 | I27: 103.2 | J27: 174.3 | K27: 105.1 | L27: 100.8 | M27: 109.1 | N27: 111.1 | O27: 115.4 | P27: 119.2 | Q27: 112.9 | R27: 111.4 | S27: 109 | T27: 111.1 | U27: 109.7 | V27: 109.5 | W27: 109.6 | X27: 107.9 | Y27: 110.4 | Z27: 107.4 | AA27: 111.2 | AB27: 106.9 | AC27: 109.4 | AD27: 113.2
A28: Rural+Urban | B28: 2013 | C28: September | D28: 116.4 | E28: 116.9 | F28: 112.3 | G28: 110.5 | H28: 105.3 | I28: 107.3 | J28: 160.9 | K28: 107.1 | L28: 103.1 | M28: 108.3 | N28: 110.7 | O28: 114.6 | P28: 118.3 | Q28: 112 | R28: 112.2 | S28: 110.4 | T28: 111.9 | U28: 109.7 | V28: 110.5 | W28: 109.6 | X28: 108.1 | Y28: 109.9 | Z28: 107.5 | AA28: 110.6 | AB28: 106.8 | AC28: 109 | AD28: 113.7
A29: Rural | B29: 2013 | C29: October | D29: 116.3 | E29: 115.4 | F29: 112.6 | G29: 111.7 | H29: 107.7 | I29: 113.2 | J29: 164.9 | K29: 108.3 | L29: 103.9 | M29: 108.2 | N29: 111.1 | O29: 114.9 | P29: 119.8 | Q29: 112.2 | R29: 113.6 | S29: 112.3 | T29: 113.4 | U29: NA | V29: 111.6 | W29: 110.4 | X29: 108.9 | Y29: 109.3 | Z29: 108.3 | AA29: 110.2 | AB29: 107.5 | AC29: 109.1 | AD29: 115.5
A30: Urban | B30: 2013 | C30: October | D30: 118.9 | E30: 118.1 | F30: 114.5 | G30: 110.4 | H30: 102.3 | I30: 106.2 | J30: 183.5 | K30: 105.3 | L30: 100.2 | M30: 109.6 | N30: 111.4 | O30: 116 | P30: 120.8 | Q30: 113.5 | R30: 112.5 | S30: 109.7 | T30: 112 | U30: 110.5 | V30: 109.7 | W30: 110.2 | X30: 108.2 | Y30: 109.7 | Z30: 108 | AA30: 111.3 | AB30: 107.3 | AC30: 109.4 | AD30: 114
A31: Rural+Urban | B31: 2013 | C31: October | D31: 117.1 | E31: 116.3 | F31: 113.3 | G31: 111.2 | H31: 105.7 | I31: 109.9 | J31: 171.2 | K31: 107.3 | L31: 102.7 | M31: 108.7 | N31: 111.2 | O31: 115.4 | P31: 120.2 | Q31: 112.5 | R31: 113.2 | S31: 111.2 | T31: 112.8 | U31: 110.5 | V31: 110.9 | W31: 110.3 | X31: 108.6 | Y31: 109.5 | Z31: 108.1 | AA31: 110.8 | AB31: 107.4 | AC31: 109.2 | AD31: 114.8
A32: Rural | B32: 2013 | C32: November | D32: 117.3 | E32: 114.9 | F32: 116.2 | G32: 112.8 | H32: 108.9 | I32: 116.6 | J32: 178.1 | K32: 109.1 | L32: 103.6 | M32: 109 | N32: 111.8 | O32: 116 | P32: 122.5 | Q32: 112.8 | R32: 114.6 | S32: 113.1 | T32: 114.4 | U32: NA | V32: 112.6 | W32: 111.3 | X32: 109.7 | Y32: 109.6 | Z32: 108.7 | AA32: 111 | AB32: 108.2 | AC32: 109.8 | AD32: 117.4
A33: Urban | B33: 2013 | C33: November | D33: 119.8 | E33: 116.3 | F33: 122.6 | G33: 112 | H33: 103.2 | I33: 110 | J33: 192.8 | K33: 106.3 | L33: 99.5 | M33: 110.3 | N33: 111.8 | O33: 117.1 | P33: 122.9 | Q33: 114.1 | R33: 113.5 | S33: 110.3 | T33: 113 | U33: 111.1 | V33: 110 | W33: 110.9 | X33: 108.6 | Y33: 109.5 | Z33: 108.5 | AA33: 111.3 | AB33: 107.9 | AC33: 109.6 | AD33: 115
A34: Rural+Urban | B34: 2013 | C34: November | D34: 118.1 | E34: 115.4 | F34: 118.7 | G34: 112.5 | H34: 106.8 | I34: 113.5 | J34: 183.1 | K34: 108.2 | L34: 102.2 | M34: 109.4 | N34: 111.8 | O34: 116.5 | P34: 122.6 | Q34: 113.1 | R34: 114.2 | S34: 111.9 | T34: 113.8 | U34: 111.1 | V34: 111.6 | W34: 111.1 | X34: 109.3 | Y34: 109.5 | Z34: 108.6 | AA34: 111.2 | AB34: 108.1 | AC34: 109.7 | AD34: 116.3
A35: Rural | B35: 2013 | C35: December | D35: 118.4 | E35: 115.9 | F35: 120.4 | G35: 113.8 | H35: 109.5 | I35: 115.5 | J35: 145.7 | K35: 109.5 | L35: 102.9 | M35: 109.8 | N35: 112.1 | O35: 116.8 | P35: 118.7 | Q35: 113.6 | R35: 115.8 | S35: 114 | T35: 115.5 | U35: NA | V35: 112.8 | W35: 112.1 | X35: 110.1 | Y35: 109.9 | Z35: 109.2 | AA35: 111.6 | AB35: 108.1 | AC35: 110.1 | AD35: 115.5
A36: Urban | B36: 2013 | C36: December | D36: 120.5 | E36: 118.1 | F36: 128.5 | G36: 112.8 | H36: 103.4 | I36: 110.7 | J36: 144.8 | K36: 107.1 | L36: 98.6 | M36: 111.9 | N36: 112.1 | O36: 118.1 | P36: 117.8 | Q36: 115 | R36: 114.2 | S36: 110.9 | T36: 113.7 | U36: 110.7 | V36: 110.4 | W36: 111.3 | X36: 109 | Y36: 109.7 | Z36: 108.9 | AA36: 111.4 | AB36: 107.7 | AC36: 109.8 | AD36: 113.3
A37: Rural+Urban | B37: 2013 | C37: December | D37: 119.1 | E37: 116.7 | F37: 123.5 | G37: 113.4 | H37: 107.3 | I37: 113.3 | J37: 145.4 | K37: 108.7 | L37: 101.5 | M37: 110.5 | N37: 112.1 | O37: 117.4 | P37: 118.4 | Q37: 114 | R37: 115.2 | S37: 112.7 | T37: 114.8 | U37: 110.7 | V37: 111.9 | W37: 111.7 | X37: 109.7 | Y37: 109.8 | Z37: 109 | AA37: 111.5 | AB37: 107.9 | AC37: 110 | AD37: 114.5
A38: Rural | B38: 2014 | C38: January | D38: 118.9 | E38: 117.1 | F38: 120.5 | G38: 114.4 | H38: 109 | I38: 115.5 | J38: 123.9 | K38: 109.6 | L38: 101.8 | M38: 110.2 | N38: 112.4 | O38: 117.3 | P38: 116 | Q38: 114 | R38: 116.5 | S38: 114.5 | T38: 116.2 | U38: NA | V38: 113 | W38: 112.6 | X38: 110.6 | Y38: 110.5 | Z38: 109.6 | AA38: 111.8 | AB38: 108.3 | AC38: 110.6 | AD38: 114.2
A39: Urban | B39: 2014 | C39: January | D39: 121.2 | E39: 122 | F39: 129.9 | G39: 113.6 | H39: 102.9 | I39: 112.1 | J39: 118.9 | K39: 107.5 | L39: 96.9 | M39: 112.7 | N39: 112.1 | O39: 119 | P39: 115.5 | Q39: 115.7 | R39: 114.8 | S39: 111.3 | T39: 114.3 | U39: 111.6 | V39: 111 | W39: 111.9 | X39: 109.7 | Y39: 110.8 | Z39: 109.8 | AA39: 111.5 | AB39: 108 | AC39: 110.5 | AD39: 112.9
A40: Rural+Urban | B40: 2014 | C40: January | D40: 119.6 | E40: 118.8 | F40: 124.1 | G40: 114.1 | H40: 106.8 | I40: 113.9 | J40: 122.2 | K40: 108.9 | L40: 100.2 | M40: 111 | N40: 112.3 | O40: 118.1 | P40: 115.8 | Q40: 114.5 | R40: 115.8 | S40: 113.2 | T40: 115.4 | U40: 111.6 | V40: 112.2 | W40: 112.3 | X40: 110.3 | Y40: 110.7 | Z40: 109.7 | AA40: 111.6 | AB40: 108.2 | AC40: 110.6 | AD40: 113.6
A41: Rural | B41: 2014 | C41: February | D41: 119.4 | E41: 117.7 | F41: 121.2 | G41: 115 | H41: 109 | I41: 116.6 | J41: 116 | K41: 109.8 | L41: 101.1 | M41: 110.4 | N41: 112.9 | O41: 117.8 | P41: 115.3 | Q41: 114.2 | R41: 117.1 | S41: 114.5 | T41: 116.7 | U41: NA | V41: 113.2 | W41: 112.9 | X41: 110.9 | Y41: 110.8 | Z41: 109.9 | AA41: 112 | AB41: 108.7 | AC41: 110.9 | AD41: 114
A42: Urban | B42: 2014 | C42: February | D42: 121.9 | E42: 122 | F42: 124.5 | G42: 115.2 | H42: 102.5 | I42: 114.1 | J42: 111.5 | K42: 108.2 | L42: 95.4 | M42: 113.5 | N42: 112.1 | O42: 119.9 | P42: 115.2 | Q42: 116.2 | R42: 115.3 | S42: 111.7 | T42: 114.7 | U42: 112.5 | V42: 111.1 | W42: 112.6 | X42: 110.4 | Y42: 111.3 | Z42: 110.3 | AA42: 111.6 | AB42: 108.7 | AC42: 111 | AD42: 113.1
A43: Rural+Urban | B43: 2014 | C43: February | D43: 120.2 | E43: 119.2 | F43: 122.5 | G43: 115.1 | H43: 106.6 | I43: 115.4 | J43: 114.5 | K43: 109.3 | L43: 99.2 | M43: 111.4 | N43: 112.6 | O43: 118.8 | P43: 115.3 | Q43: 114.7 | R43: 116.4 | S43: 113.3 | T43: 115.9 | U43: 112.5 | V43: 112.4 | W43: 112.8 | X43: 110.7 | Y43: 111.1 | Z43: 110.1 | AA43: 111.8 | AB43: 108.7 | AC43: 110.9 | AD43: 113.6
A44: Rural | B44: 2014 | C44: March | D44: 120.1 | E44: 118.1 | F44: 120.7 | G44: 116.1 | H44: 109.3 | I44: 119.6 | J44: 117.9 | K44: 110.2 | L44: 101.2 | M44: 110.7 | N44: 113 | O44: 118.3 | P44: 116.2 | Q44: 114.6 | R44: 117.5 | S44: 114.9 | T44: 117.2 | U44: NA | V44: 113.4 | W44: 113.4 | X44: 111.4 | Y44: 111.2 | Z44: 110.2 | AA44: 112.4 | AB44: 108.9 | AC44: 111.3 | AD44: 114.6
A45: Urban | B45: 2014 | C45: March | D45: 122.1 | E45: 121.4 | F45: 121.5 | G45: 116.2 | H45: 102.8 | I45: 117.7 | J45: 113.3 | K45: 108.9 | L45: 96.3 | M45: 114.1 | N45: 112.2 | O45: 120.5 | P45: 116 | Q45: 116.7 | R45: 115.8 | S45: 112.1 | T45: 115.2 | U45: 113.2 | V45: 110.9 | W45: 113 | X45: 110.8 | Y45: 111.6 | Z45: 110.9 | AA45: 111.8 | AB45: 109.2 | AC45: 111.4 | AD45: 113.7
A46: Rural+Urban | B46: 2014 | C46: March | D46: 120.7 | E46: 119.3 | F46: 121 | G46: 116.1 | H46: 106.9 | I46: 118.7 | J46: 116.3 | K46: 109.8 | L46: 99.6 | M46: 111.8 | N46: 112.7 | O46: 119.3 | P46: 116.1 | Q46: 115.2 | R46: 116.8 | S46: 113.7 | T46: 116.4 | U46: 113.2 | V46: 112.5 | W46: 113.2 | X46: 111.2 | Y46: 111.4 | Z46: 110.6 | AA46: 112 | AB46: 109 | AC46: 111.3 | AD46: 114.2
A47: Rural | B47: 2014 | C47: April | D47: 120.2 | E47: 118.9 | F47: 118.1 | G47: 117 | H47: 109.7 | I47: 125.5 | J47: 120.5 | K47: 111 | L47: 102.6 | M47: 111.2 | N47: 113.5 | O47: 118.7 | P47: 117.2 | Q47: 115.4 | R47: 118.1 | S47: 116.1 | T47: 117.8 | U47: NA | V47: 113.4 | W47: 113.7 | X47: 111.8 | Y47: 111.2 | Z47: 110.5 | AA47: 113 | AB47: 108.9 | AC47: 111.5 | AD47: 115.4
A48: Urban | B48: 2014 | C48: April | D48: 122.5 | E48: 121.7 | F48: 113.3 | G48: 117 | H48: 103.1 | I48: 126.7 | J48: 121.2 | K48: 111 | L48: 100.3 | M48: 115.3 | N48: 112.7 | O48: 121 | P48: 118.2 | Q48: 117.6 | R48: 116.3 | S48: 112.5 | T48: 115.7 | U48: 113.9 | V48: 110.9 | W48: 113.4 | X48: 111 | Y48: 111.2 | Z48: 111.2 | AA48: 112.5 | AB48: 109.1 | AC48: 111.4 | AD48: 114.7
A49: Rural+Urban | B49: 2014 | C49: April | D49: 120.9 | E49: 119.9 | F49: 116.2 | G49: 117 | H49: 107.3 | I49: 126.1 | J49: 120.7 | K49: 111 | L49: 101.8 | M49: 112.6 | N49: 113.2 | O49: 119.8 | P49: 117.6 | Q49: 116 | R49: 117.4 | S49: 114.6 | T49: 117 | U49: 113.9 | V49: 112.5 | W49: 113.6 | X49: 111.5 | Y49: 111.2 | Z49: 110.9 | AA49: 112.7 | AB49: 109 | AC49: 111.5 | AD49: 115.1
A50: Rural | B50: 2014 | C50: May | D50: 120.3 | E50: 120.2 | F50: 116.9 | G50: 118 | H50: 110.1 | I50: 126.3 | J50: 123.9 | K50: 111.5 | L50: 103.5 | M50: 111.6 | N50: 114.2 | O50: 119.2 | P50: 118.2 | Q50: 116.3 | R50: 118.7 | S50: 116.8 | T50: 118.5 | U50: NA | V50: 113.4 | W50: 114.1 | X50: 112.1 | Y50: 111.4 | Z50: 110.9 | AA50: 113.1 | AB50: 108.9 | AC50: 111.8 | AD50: 116
A51: Urban | B51: 2014 | C51: May | D51: 122.7 | E51: 124.1 | F51: 114.2 | G51: 119.1 | H51: 103.5 | I51: 129.2 | J51: 127 | K51: 112.6 | L51: 101.3 | M51: 117 | N51: 112.9 | O51: 121.7 | P51: 120 | Q51: 118.3 | R51: 116.8 | S51: 112.9 | T51: 116.2 | U51: 114.3 | V51: 111.1 | W51: 114.1 | X51: 111.2 | Y51: 111.3 | Z51: 111.5 | AA51: 112.9 | AB51: 109.3 | AC51: 111.7 | AD51: 115.6
A52: Rural+Urban | B52: 2014 | C52: May | D52: 121.1 | E52: 121.6 | F52: 115.9 | G52: 118.4 | H52: 107.7 | I52: 127.7 | J52: 125 | K52: 111.9 | L52: 102.8 | M52: 113.4 | N52: 113.7 | O52: 120.4 | P52: 118.9 | Q52: 116.8 | R52: 118 | S52: 115.2 | T52: 117.6 | U52: 114.3 | V52: 112.5 | W52: 114.1 | X52: 111.8 | Y52: 111.3 | Z52: 111.2 | AA52: 113 | AB52: 109.1 | AC52: 111.8 | AD52: 115.8
A53: Rural | B53: 2014 | C53: June | D53: 120.7 | E53: 121.6 | F53: 116.1 | G53: 119.3 | H53: 110.3 | I53: 125.8 | J53: 129.3 | K53: 112.2 | L53: 103.6 | M53: 112.3 | N53: 114.9 | O53: 120.1 | P53: 119.5 | Q53: 117.3 | R53: 119.7 | S53: 117.3 | T53: 119.3 | U53: NA | V53: 114.4 | W53: 114.9 | X53: 112.8 | Y53: 112.2 | Z53: 111.4 | AA53: 114.3 | AB53: 108 | AC53: 112.3 | AD53: 117
A54: Urban | B54: 2014 | C54: June | D54: 123.1 | E54: 125.9 | F54: 115.4 | G54: 120.4 | H54: 103.4 | I54: 131.2 | J54: 137.5 | K54: 112.8 | L54: 101.4 | M54: 118.3 | N54: 113.2 | O54: 122.4 | P54: 122 | Q54: 119 | R54: 117.4 | S54: 113.2 | T54: 116.7 | U54: 113.9 | V54: 111.2 | W54: 114.3 | X54: 111.4 | Y54: 111.5 | Z54: 111.8 | AA54: 115.1 | AB54: 108.7 | AC54: 112.2 | AD54: 116.4
A55: Rural+Urban | B55: 2014 | C55: June | D55: 121.5 | E55: 123.1 | F55: 115.8 | G55: 119.7 | H55: 107.8 | I55: 128.3 | J55: 132.1 | K55: 112.4 | L55: 102.9 | M55: 114.3 | N55: 114.2 | O55: 121.2 | P55: 120.4 | Q55: 117.8 | R55: 118.8 | S55: 115.6 | T55: 118.3 | U55: 113.9 | V55: 113.2 | W55: 114.6 | X55: 112.3 | Y55: 111.8 | Z55: 111.6 | AA55: 114.8 | AB55: 108.3 | AC55: 112.3 | AD55: 116.7
A56: Rural | B56: 2014 | C56: July | D56: 121.7 | E56: 122.5 | F56: 117.7 | G56: 120.6 | H56: 110.4 | I56: 129.1 | J56: 150.1 | K56: 113.2 | L56: 104.8 | M56: 113.3 | N56: 115.6 | O56: 120.9 | P56: 123.3 | Q56: 118 | R56: 120.7 | S56: 118.3 | T56: 120.3 | U56: NA | V56: 115.3 | W56: 115.4 | X56: 113.4 | Y56: 113.2 | Z56: 111.8 | AA56: 115.5 | AB56: 108.8 | AC56: 113.1 | AD56: 119.5
A57: Urban | B57: 2014 | C57: July | D57: 123.8 | E57: 126.4 | F57: 118 | G57: 121.6 | H57: 103.5 | I57: 133.7 | J57: 172.4 | K57: 113.1 | L57: 102.7 | M57: 120 | N57: 113.8 | O57: 123.4 | P57: 127.1 | Q57: 121 | R57: 118 | S57: 113.6 | T57: 117.4 | U57: 114.8 | V57: 111.6 | W57: 114.9 | X57: 111.5 | Y57: 113 | Z57: 112.4 | AA57: 117.8 | AB57: 109.7 | AC57: 113.5 | AD57: 118.9
A58: Rural+Urban | B58: 2014 | C58: July | D58: 122.4 | E58: 123.9 | F58: 117.8 | G58: 121 | H58: 107.9 | I58: 131.2 | J58: 157.7 | K58: 113.2 | L58: 104.1 | M58: 115.5 | N58: 114.8 | O58: 122.1 | P58: 124.7 | Q58: 118.8 | R58: 119.6 | S58: 116.3 | T58: 119.1 | U58: 114.8 | V58: 113.9 | W58: 115.2 | X58: 112.7 | Y58: 113.1 | Z58: 112.1 | AA58: 116.8 | AB58: 109.2 | AC58: 113.3 | AD58: 119.2
A59: Rural | B59: 2014 | C59: August | D59: 121.8 | E59: 122.8 | F59: 117.8 | G59: 121.9 | H59: 110.6 | I59: 129.7 | J59: 161.1 | K59: 114.1 | L59: 105.1 | M59: 114.6 | N59: 115.8 | O59: 121.7 | P59: 125.3 | Q59: 118.8 | R59: 120.9 | S59: 118.8 | T59: 120.7 | U59: NA | V59: 115.4 | W59: 115.9 | X59: 114 | Y59: 113.2 | Z59: 112.2 | AA59: 116.2 | AB59: 109.4 | AC59: 113.5 | AD59: 120.7
A60: Urban | B60: 2014 | C60: August | D60: 124.8 | E60: 127.3 | F60: 116.5 | G60: 122.2 | H60: 103.6 | I60: 132.7 | J60: 181.9 | K60: 115.2 | L60: 102.7 | M60: 122.1 | N60: 114.4 | O60: 124.7 | P60: 128.9 | Q60: 123 | R60: 118.6 | S60: 114.1 | T60: 117.9 | U60: 115.5 | V60: 111.8 | W60: 115.3 | X60: 112.2 | Y60: 112.5 | Z60: 112.9 | AA60: 119.2 | AB60: 110.5 | AC60: 113.9 | AD60: 119.9
A61: Rural+Urban | B61: 2014 | C61: August | D61: 122.7 | E61: 124.4 | F61: 117.3 | G61: 122 | H61: 108 | I61: 131.1 | J61: 168.2 | K61: 114.5 | L61: 104.3 | M61: 117.1 | N61: 115.2 | O61: 123.1 | P61: 126.6 | Q61: 119.9 | R61: 120 | S61: 116.8 | T61: 119.6 | U61: 115.5 | V61: 114 | W61: 115.6 | X61: 113.3 | Y61: 112.8 | Z61: 112.6 | AA61: 118 | AB61: 109.9 | AC61: 113.7 | AD61: 120.3
A62: Rural | B62: 2014 | C62: September | D62: 122.3 | E62: 122.4 | F62: 117.8 | G62: 122.7 | H62: 110.4 | I62: 129.8 | J62: 158.8 | K62: 115 | L62: 104.7 | M62: 114.9 | N62: 116.5 | O62: 122.6 | P62: 125.3 | Q62: 119.5 | R62: 121.7 | S62: 119.2 | T62: 121.3 | U62: NA | V62: 115.8 | W62: 116.7 | X62: 114.5 | Y62: 112.8 | Z62: 112.6 | AA62: 116.6 | AB62: 109.1 | AC62: 113.7 | AD62: 120.9
A63: Urban | B63: 2014 | C63: September | D63: 124.2 | E63: 125.4 | F63: 116.4 | G63: 122.7 | H63: 103.5 | I63: 124.5 | J63: 168.6 | K63: 116.9 | L63: 101.9 | M63: 122.9 | N63: 114.8 | O63: 125.2 | P63: 126.7 | Q63: 124.3 | R63: 119.2 | S63: 114.5 | T63: 118.4 | U63: 116.1 | V63: 111.8 | W63: 115.5 | X63: 112.3 | Y63: 111.2 | Z63: 113.4 | AA63: 120 | AB63: 110 | AC63: 113.6 | AD63: 119.2
A64: Rural+Urban | B64: 2014 | C64: September | D64: 122.9 | E64: 123.5 | F64: 117.3 | G64: 122.7 | H64: 107.9 | I64: 127.3 | J64: 162.1 | K64: 115.6 | L64: 103.8 | M64: 117.6 | N64: 115.8 | O64: 123.8 | P64: 125.8 | Q64: 120.8 | R64: 120.7 | S64: 117.2 | T64: 120.1 | U64: 116.1 | V64: 114.3 | W64: 116.1 | X64: 113.7 | Y64: 112 | Z64: 113.1 | AA64: 118.6 | AB64: 109.5 | AC64: 113.7 | AD64: 120.1
A65: Rural | B65: 2014 | C65: October | D65: 122.6 | E65: 122.5 | F65: 118.3 | G65: 123.2 | H65: 110.5 | I65: 128.9 | J65: 155.3 | K65: 115.5 | L65: 104 | M65: 115.3 | N65: 116.8 | O65: 123.2 | P65: 125.1 | Q65: 120 | R65: 122.7 | S65: 120.3 | T65: 122.3 | U65: NA | V65: 116.4 | W65: 117.5 | X65: 115.3 | Y65: 112.6 | Z65: 113 | AA65: 116.9 | AB65: 109.3 | AC65: 114 | AD65: 121
A66: Urban | B66: 2014 | C66: October | D66: 124.6 | E66: 126.1 | F66: 117.8 | G66: 123.1 | H66: 103.5 | I66: 123.5 | J66: 159.6 | K66: 117.4 | L66: 101.2 | M66: 123.8 | N66: 115.2 | O66: 125.9 | P66: 125.8 | Q66: 124.3 | R66: 119.6 | S66: 114.9 | T66: 118.9 | U66: 116.7 | V66: 112 | W66: 115.8 | X66: 112.6 | Y66: 111 | Z66: 113.6 | AA66: 120.2 | AB66: 110.1 | AC66: 113.7 | AD66: 119.1
A67: Rural+Urban | B67: 2014 | C67: October | D67: 123.2 | E67: 123.8 | F67: 118.1 | G67: 123.2 | H67: 107.9 | I67: 126.4 | J67: 156.8 | K67: 116.1 | L67: 103.1 | M67: 118.1 | N67: 116.1 | O67: 124.5 | P67: 125.4 | Q67: 121.1 | R67: 121.5 | S67: 118.1 | T67: 121 | U67: 116.7 | V67: 114.7 | W67: 116.7 | X67: 114.3 | Y67: 111.8 | Z67: 113.3 | AA67: 118.8 | AB67: 109.6 | AC67: 113.9 | AD67: 120.1
A68: Rural | B68: 2014 | C68: November | D68: 122.7 | E68: 122.6 | F68: 119.9 | G68: 124 | H68: 110.5 | I68: 128.8 | J68: 152 | K68: 116.2 | L68: 103.3 | M68: 115.8 | N68: 116.8 | O68: 124.5 | P68: 124.9 | Q68: 120.8 | R68: 123.3 | S68: 120.5 | T68: 122.9 | U68: NA | V68: 117.3 | W68: 118.1 | X68: 115.9 | Y68: 112 | Z68: 113.3 | AA68: 117.2 | AB68: 108.8 | AC68: 114.1 | AD68: 121.1
A69: Urban | B69: 2014 | C69: November | D69: 124.5 | E69: 125.6 | F69: 122.7 | G69: 124.6 | H69: 103.2 | I69: 122.2 | J69: 153.2 | K69: 119.3 | L69: 99.8 | M69: 124.6 | N69: 115.8 | O69: 126.9 | P69: 125.4 | Q69: 125.8 | R69: 120.3 | S69: 115.4 | T69: 119.5 | U69: 117.1 | V69: 112.6 | W69: 116.4 | X69: 113 | Y69: 109.7 | Z69: 114 | AA69: 120.3 | AB69: 109.6 | AC69: 113.4 | AD69: 119
A70: Rural+Urban | B70: 2014 | C70: November | D70: 123.3 | E70: 123.7 | F70: 121 | G70: 124.2 | H70: 107.8 | I70: 125.7 | J70: 152.4 | K70: 117.2 | L70: 102.1 | M70: 118.7 | N70: 116.4 | O70: 125.6 | P70: 125.1 | Q70: 122.1 | R70: 122.1 | S70: 118.4 | T70: 121.6 | U70: 117.1 | V70: 115.5 | W70: 117.3 | X70: 114.8 | Y70: 110.8 | Z70: 113.7 | AA70: 119 | AB70: 109.1 | AC70: 113.8 | AD70: 120.1
A71: Rural | B71: 2014 | C71: December | D71: 122.4 | E71: 122.4 | F71: 121.8 | G71: 124.2 | H71: 110.2 | I71: 128.6 | J71: 140.3 | K71: 116.3 | L71: 102 | M71: 116 | N71: 117.3 | O71: 124.8 | P71: 123.3 | Q71: 121.7 | R71: 123.8 | S71: 120.6 | T71: 123.3 | U71: NA | V71: 117.4 | W71: 118.2 | X71: 116.2 | Y71: 111.5 | Z71: 113.3 | AA71: 117.7 | AB71: 109.4 | AC71: 114.2 | AD71: 120.3
A72: Urban | B72: 2014 | C72: December | D72: 124 | E72: 124.7 | F72: 126.3 | G72: 124.9 | H72: 103 | I72: 122.3 | J72: 141 | K72: 120.1 | L72: 97.8 | M72: 125.4 | N72: 116.1 | O72: 127.6 | P72: 124 | Q72: 126.4 | R72: 120.7 | S72: 115.8 | T72: 120 | U72: 116.5 | V72: 113 | W72: 116.8 | X72: 113.2 | Y72: 108.8 | Z72: 114.3 | AA72: 120.7 | AB72: 110.4 | AC72: 113.4 | AD72: 118.4
A73: Rural+Urban | B73: 2014 | C73: December | D73: 122.9 | E73: 123.2 | F73: 123.5 | G73: 124.5 | H73: 107.6 | I73: 125.7 | J73: 140.5 | K73: 117.6 | L73: 100.6 | M73: 119.1 | N73: 116.8 | O73: 126.1 | P73: 123.6 | Q73: 123 | R73: 122.6 | S73: 118.6 | T73: 122 | U73: 116.5 | V73: 115.7 | W73: 117.5 | X73: 115.1 | Y73: 110.1 | Z73: 113.9 | AA73: 119.5 | AB73: 109.8 | AC73: 113.8 | AD73: 119.4
A74: Rural | B74: 2015 | C74: January | D74: 123.1 | E74: 123.1 | F74: 122.1 | G74: 124.9 | H74: 111 | I74: 130.4 | J74: 132.3 | K74: 117.2 | L74: 100.5 | M74: 117.2 | N74: 117.9 | O74: 125.6 | P74: 122.8 | Q74: 122.7 | R74: 124.4 | S74: 121.6 | T74: 124 | U74: NA | V74: 118.4 | W74: 118.9 | X74: 116.6 | Y74: 111 | Z74: 114 | AA74: 118.2 | AB74: 110.2 | AC74: 114.5 | AD74: 120.3
A75: Urban | B75: 2015 | C75: January | D75: 124 | E75: 125.5 | F75: 126.6 | G75: 125.2 | H75: 104.3 | I75: 121.3 | J75: 134.4 | K75: 122.9 | L75: 96.1 | M75: 126.6 | N75: 116.5 | O75: 128 | P75: 123.5 | Q75: 127.4 | R75: 121 | S75: 116.1 | T75: 120.2 | U75: 117.3 | V75: 113.4 | W75: 117.2 | X75: 113.7 | Y75: 107.9 | Z75: 114.6 | AA75: 120.8 | AB75: 111.4 | AC75: 113.4 | AD75: 118.5
A76: Rural+Urban | B76: 2015 | C76: January | D76: 123.4 | E76: 123.9 | F76: 123.8 | G76: 125 | H76: 108.5 | I76: 126.2 | J76: 133 | K76: 119.1 | L76: 99 | M76: 120.3 | N76: 117.3 | O76: 126.7 | P76: 123.1 | Q76: 124 | R76: 123.1 | S76: 119.3 | T76: 122.5 | U76: 117.3 | V76: 116.5 | W76: 118.1 | X76: 115.5 | Y76: 109.4 | Z76: 114.3 | AA76: 119.7 | AB76: 110.7 | AC76: 114 | AD76: 119.5
A77: Rural | B77: 2015 | C77: February | D77: 123.4 | E77: 124.4 | F77: 122.1 | G77: 125.8 | H77: 111.5 | I77: 129.4 | J77: 128.2 | K77: 118.8 | L77: 100 | M77: 118.6 | N77: 118.8 | O77: 126.8 | P77: 122.8 | Q77: 124.2 | R77: 125.4 | S77: 122.7 | T77: 125 | U77: NA | V77: 120 | W77: 119.6 | X77: 117.7 | Y77: 110.9 | Z77: 114.8 | AA77: 118.7 | AB77: 110.8 | AC77: 115 | AD77: 120.6
A78: Urban | B78: 2015 | C78: February | D78: 124.3 | E78: 126.5 | F78: 119.5 | G78: 125.6 | H78: 104.9 | I78: 121.6 | J78: 131.8 | K78: 125.1 | L78: 95 | M78: 127.7 | N78: 116.8 | O78: 128.6 | P78: 123.7 | Q78: 128.1 | R78: 121.3 | S78: 116.5 | T78: 120.6 | U78: 118.1 | V78: 114 | W78: 117.7 | X78: 114.1 | Y78: 106.8 | Z78: 114.9 | AA78: 120.4 | AB78: 111.7 | AC78: 113.2 | AD78: 118.7
A79: Rural+Urban | B79: 2015 | C79: February | D79: 123.7 | E79: 125.1 | F79: 121.1 | G79: 125.7 | H79: 109.1 | I79: 125.8 | J79: 129.4 | K79: 120.9 | L79: 98.3 | M79: 121.6 | N79: 118 | O79: 127.6 | P79: 123.1 | Q79: 125.2 | R79: 123.8 | S79: 120.1 | T79: 123.3 | U79: 118.1 | V79: 117.7 | W79: 118.7 | X79: 116.3 | Y79: 108.7 | Z79: 114.9 | AA79: 119.7 | AB79: 111.2 | AC79: 114.1 | AD79: 119.7
A80: Rural | B80: 2015 | C80: March | D80: 123.3 | E80: 124.7 | F80: 118.9 | G80: 126 | H80: 111.8 | I80: 130.9 | J80: 128 | K80: 119.9 | L80: 98.9 | M80: 119.4 | N80: 118.9 | O80: 127.7 | P80: 123.1 | Q80: 124.7 | R80: 126 | S80: 122.9 | T80: 125.5 | U80: NA | V80: 120.6 | W80: 120.2 | X80: 118.2 | Y80: 111.6 | Z80: 115.5 | AA80: 119.4 | AB80: 110.8 | AC80: 115.5 | AD80: 121.1
A81: Urban | B81: 2015 | C81: March | D81: 124 | E81: 126.7 | F81: 113.5 | G81: 125.9 | H81: 104.8 | I81: 123.8 | J81: 131.4 | K81: 127.2 | L81: 93.2 | M81: 127.4 | N81: 117 | O81: 129.2 | P81: 123.9 | Q81: 128.8 | R81: 121.7 | S81: 116.9 | T81: 120.9 | U81: 118.6 | V81: 114.4 | W81: 118 | X81: 114.3 | Y81: 108.4 | Z81: 115.4 | AA81: 120.6 | AB81: 111.3 | AC81: 113.8 | AD81: 119.1
A82: Rural+Urban | B82: 2015 | C82: March | D82: 123.5 | E82: 125.4 | F82: 116.8 | G82: 126 | H82: 109.2 | I82: 127.6 | J82: 129.2 | K82: 122.4 | L82: 97 | M82: 122.1 | N82: 118.1 | O82: 128.4 | P82: 123.4 | Q82: 125.8 | R82: 124.3 | S82: 120.4 | T82: 123.7 | U82: 118.6 | V82: 118.3 | W82: 119.2 | X82: 116.7 | Y82: 109.9 | Z82: 115.4 | AA82: 120.1 | AB82: 111 | AC82: 114.7 | AD82: 120.2
A83: Rural | B83: 2015 | C83: April | D83: 123.3 | E83: 125.5 | F83: 117.2 | G83: 126.8 | H83: 111.9 | I83: 134.2 | J83: 127.5 | K83: 121.5 | L83: 97.8 | M83: 119.8 | N83: 119.4 | O83: 128.7 | P83: 123.6 | Q83: 125.7 | R83: 126.4 | S83: 123.3 | T83: 126 | U83: NA | V83: 121.2 | W83: 120.9 | X83: 118.6 | Y83: 111.9 | Z83: 116.2 | AA83: 119.9 | AB83: 111.6 | AC83: 116 | AD83: 121.5
A84: Urban | B84: 2015 | C84: April | D84: 123.8 | E84: 128.2 | F84: 110 | G84: 126.3 | H84: 104.5 | I84: 130.6 | J84: 130.8 | K84: 131.3 | L84: 91.6 | M84: 127.7 | N84: 117.2 | O84: 129.5 | P84: 124.6 | Q84: 130.1 | R84: 122.1 | S84: 117.2 | T84: 121.3 | U84: 119.2 | V84: 114.7 | W84: 118.4 | X84: 114.6 | Y84: 108.4 | Z84: 115.6 | AA84: 121.7 | AB84: 111.8 | AC84: 114.2 | AD84: 119.7
A85: Rural+Urban | B85: 2015 | C85: April | D85: 123.5 | E85: 126.4 | F85: 114.4 | G85: 126.6 | H85: 109.2 | I85: 132.5 | J85: 128.6 | K85: 124.8 | L85: 95.7 | M85: 122.4 | N85: 118.5 | O85: 129.1 | P85: 124 | Q85: 126.9 | R85: 124.7 | S85: 120.8 | T85: 124.1 | U85: 119.2 | V85: 118.7 | W85: 119.7 | X85: 117.1 | Y85: 110.1 | Z85: 115.9 | AA85: 121 | AB85: 111.7 | AC85: 115.1 | AD85: 120.7
A86: Rural | B86: 2015 | C86: May | D86: 123.5 | E86: 127.1 | F86: 117.3 | G86: 127.7 | H86: 112.5 | I86: 134.1 | J86: 128.5 | K86: 124.3 | L86: 97.6 | M86: 120.7 | N86: 120.2 | O86: 129.8 | P86: 124.4 | Q86: 126.7 | R86: 127.3 | S86: 124.1 | T86: 126.8 | U86: NA | V86: 121.9 | W86: 121.5 | X86: 119.4 | Y86: 113.3 | Z86: 116.7 | AA86: 120.5 | AB86: 112.3 | AC86: 116.9 | AD86: 122.4
A87: Urban | B87: 2015 | C87: May | D87: 123.8 | E87: 129.7 | F87: 111.3 | G87: 126.6 | H87: 105.2 | I87: 130.8 | J87: 135.6 | K87: 142.6 | L87: 90.8 | M87: 128.8 | N87: 117.7 | O87: 129.9 | P87: 126.1 | Q87: 131.3 | R87: 122.4 | S87: 117.4 | T87: 121.6 | U87: 119.6 | V87: 114.9 | W87: 118.7 | X87: 114.9 | Y87: 110.8 | Z87: 116 | AA87: 122 | AB87: 112.4 | AC87: 115.2 | AD87: 120.7
A88: Rural+Urban | B88: 2015 | C88: May | D88: 123.6 | E88: 128 | F88: 115 | G88: 127.3 | H88: 109.8 | I88: 132.6 | J88: 130.9 | K88: 130.5 | L88: 95.3 | M88: 123.4 | N88: 119.2 | O88: 129.8 | P88: 125 | Q88: 127.9 | R88: 125.4 | S88: 121.3 | T88: 124.7 | U88: 119.6 | V88: 119.2 | W88: 120.2 | X88: 117.7 | Y88: 112 | Z88: 116.3 | AA88: 121.4 | AB88: 112.3 | AC88: 116.1 | AD88: 121.6
A89: Rural | B89: 2015 | C89: June | D89: 124.1 | E89: 130.4 | F89: 122.1 | G89: 128.7 | H89: 114.1 | I89: 133.2 | J89: 135.2 | K89: 131.9 | L89: 96.3 | M89: 123 | N89: 121.1 | O89: 131.2 | P89: 126.6 | Q89: 128.2 | R89: 128.4 | S89: 125.1 | T89: 128 | U89: NA | V89: 122.6 | W89: 122.8 | X89: 120.4 | Y89: 114.2 | Z89: 117.9 | AA89: 122 | AB89: 113 | AC89: 117.9 | AD89: 124.1
A90: Urban | B90: 2015 | C90: June | D90: 123.6 | E90: 134.4 | F90: 120.9 | G90: 127.3 | H90: 106 | I90: 132.3 | J90: 146.7 | K90: 148.1 | L90: 89.8 | M90: 130.5 | N90: 118 | O90: 130.5 | P90: 128.5 | Q90: 132.1 | R90: 123.2 | S90: 117.6 | T90: 122.3 | U90: 119 | V90: 115.1 | W90: 119.2 | X90: 115.4 | Y90: 111.7 | Z90: 116.2 | AA90: 123.8 | AB90: 112.5 | AC90: 116 | AD90: 121.7
A91: Rural+Urban | B91: 2015 | C91: June | D91: 123.9 | E91: 131.8 | F91: 121.6 | G91: 128.2 | H91: 111.1 | I91: 132.8 | J91: 139.1 | K91: 137.4 | L91: 94.1 | M91: 125.5 | N91: 119.8 | O91: 130.9 | P91: 127.3 | Q91: 129.2 | R91: 126.4 | S91: 122 | T91: 125.7 | U91: 119 | V91: 119.8 | W91: 121.1 | X91: 118.5 | Y91: 112.9 | Z91: 116.9 | AA91: 123.1 | AB91: 112.8 | AC91: 117 | AD91: 123
A92: Rural | B92: 2015 | C92: July | D92: 124 | E92: 131.5 | F92: 122 | G92: 128.7 | H92: 113.5 | I92: 133.3 | J92: 140.8 | K92: 133.8 | L92: 94.1 | M92: 123.4 | N92: 121 | O92: 131.7 | P92: 127.5 | Q92: 129.4 | R92: 128.8 | S92: 125.5 | T92: 128.3 | U92: NA | V92: 123 | W92: 123 | X92: 120.8 | Y92: 114.1 | Z92: 118 | AA92: 122.9 | AB92: 112.7 | AC92: 118.1 | AD92: 124.7
A93: Urban | B93: 2015 | C93: July | D93: 123.2 | E93: 134.3 | F93: 119.5 | G93: 127.7 | H93: 106.3 | I93: 132.8 | J93: 153.5 | K93: 149.5 | L93: 85.7 | M93: 131.5 | N93: 118.3 | O93: 131.1 | P93: 129.5 | Q93: 133.1 | R93: 123.5 | S93: 117.9 | T93: 122.7 | U93: 119.9 | V93: 115.3 | W93: 119.5 | X93: 116 | Y93: 111.5 | Z93: 116.6 | AA93: 125.4 | AB93: 111.7 | AC93: 116.3 | AD93: 122.4
A94: Rural+Urban | B94: 2015 | C94: July | D94: 123.7 | E94: 132.5 | F94: 121 | G94: 128.3 | H94: 110.9 | I94: 133.1 | J94: 145.1 | K94: 139.1 | L94: 91.3 | M94: 126.1 | N94: 119.9 | O94: 131.4 | P94: 128.2 | Q94: 130.4 | R94: 126.7 | S94: 122.3 | T94: 126.1 | U94: 119.9 | V94: 120.1 | W94: 121.3 | X94: 119 | Y94: 112.7 | Z94: 117.2 | AA94: 124.4 | AB94: 112.3 | AC94: 117.2 | AD94: 123.6
A95: Rural | B95: 2015 | C95: August | D95: 124.7 | E95: 131.3 | F95: 121.3 | G95: 128.8 | H95: 114 | I95: 134.2 | J95: 153.6 | K95: 137.9 | L95: 93.1 | M95: 123.9 | N95: 121.5 | O95: 132.5 | P95: 129.8 | Q95: 130.1 | R95: 129.5 | S95: 126.3 | T95: 129 | U95: NA | V95: 123.8 | W95: 123.7 | X95: 121.1 | Y95: 113.6 | Z95: 118.5 | AA95: 123.6 | AB95: 112.5 | AC95: 118.2 | AD95: 126.1
A96: Urban | B96: 2015 | C96: August | D96: 123.1 | E96: 131.7 | F96: 118.1 | G96: 128 | H96: 106.8 | I96: 130.1 | J96: 165.5 | K96: 156 | L96: 85.3 | M96: 132.7 | N96: 118.8 | O96: 131.7 | P96: 131.1 | Q96: 134.2 | R96: 123.7 | S96: 118.2 | T96: 122.9 | U96: 120.9 | V96: 115.3 | W96: 120 | X96: 116.6 | Y96: 109.9 | Z96: 117.2 | AA96: 126.2 | AB96: 112 | AC96: 116.2 | AD96: 123.2
A97: Rural+Urban | B97: 2015 | C97: August | D97: 124.2 | E97: 131.4 | F97: 120.1 | G97: 128.5 | H97: 111.4 | I97: 132.3 | J97: 157.6 | K97: 144 | L97: 90.5 | M97: 126.8 | N97: 120.4 | O97: 132.1 | P97: 130.3 | Q97: 131.2 | R97: 127.2 | S97: 122.9 | T97: 126.6 | U97: 120.9 | V97: 120.6 | W97: 122 | X97: 119.4 | Y97: 111.7 | Z97: 117.8 | AA97: 125.1 | AB97: 112.3 | AC97: 117.2 | AD97: 124.8
A98: Rural | B98: 2015 | C98: September | D98: 125.1 | E98: 131.1 | F98: 120.7 | G98: 129.2 | H98: 114.7 | I98: 132.3 | J98: 158.9 | K98: 142.1 | L98: 92.5 | M98: 125.4 | N98: 121.9 | O98: 132.7 | P98: 131 | Q98: 131 | R98: 130.4 | S98: 126.8 | T98: 129.9 | U98: NA | V98: 123.7 | W98: 124.5 | X98: 121.4 | Y98: 113.8 | Z98: 119.6 | AA98: 124.5 | AB98: 113.7 | AC98: 118.8 | AD98: 127
A99: Urban | B99: 2015 | C99: September | D99: 123.4 | E99: 129 | F99: 115.6 | G99: 128.3 | H99: 107 | I99: 124 | J99: 168.5 | K99: 165.4 | L99: 86.3 | M99: 134.4 | N99: 119.1 | O99: 132.3 | P99: 131.5 | Q99: 134.7 | R99: 124 | S99: 118.6 | T99: 123.2 | U99: 121.6 | V99: 115.1 | W99: 120.4 | X99: 117.1 | Y99: 109.1 | Z99: 117.3 | AA99: 126.5 | AB99: 112.9 | AC99: 116.2 | AD99: 123.5
A100: Rural+Urban | B100: 2015 | C100: September | D100: 124.6 | E100: 130.4 | F100: 118.7 | G100: 128.9 | H100: 111.9 | I100: 128.4 | J100: 162.2 | K100: 150 | L100: 90.4 | M100: 128.4 | N100: 120.7 | O100: 132.5 | P100: 131.2 | Q100: 132 | R100: 127.9 | S100: 123.4 | T100: 127.2 | U100: 121.6 | V100: 120.4 | W100: 122.6 | X100: 119.8 | Y100: 111.3 | Z100: 118.3 | AA100: 125.7 | AB100: 113.4 | AC100: 117.5 | AD100: 125.4
...

Sheet PS1
A1: MONTH : MAY 2023 | F1: 3 | G1: <<<<< SELECT SECTOR
F3: Buckets | G3: =INDEX(A31:A33, SECTOR) -> Rural+Urban
A4: Sector | B4: Rural | C4: Urban | D4: Rural+Urban | F4: Food and Beverages | G4: =SUMIF($F$12:$F$34, F4, $H$12:$H$34) -> 0.51728497
A5: Cereals and products | B5: 173.2 | C5: 174.7 | D5: 173.7 | F5: Pan, tobacco and intoxicants | G5: =SUMIF($F$12:$F$34, F5, $H$12:$H$34) -> 0.048864686
A6: Meat and fish | B6: 211.5 | C6: 219.4 | D6: 214.3 | F6: Clothing and footwear | G6: =SUMIF($F$12:$F$34, F6, $H$12:$H$34) -> 0.089220596
A7: Egg | B7: 171 | C7: 176.7 | D7: 173.2 | F7: Housing | G7: =SUMIF($F$12:$F$34, F7, $H$12:$H$34) -> 0.042689746
A8: Milk and products | B8: 179.6 | C8: 179.4 | D8: 179.5 | F8: Fuel and light | G8: =SUMIF($F$12:$F$34, F8, $H$12:$H$34) -> 0.044440123
A9: Oils and fats | B9: 173.3 | C9: 164.4 | D9: 170 | F9: Miscellaneous | G9: =SUMIF($F$12:$F$34, F9, $H$12:$H$34) -> 0.25749988
A10: Fruits | B10: 169 | C10: 175.8 | D10: 172.2
A11: Vegetables | B11: 148.7 | C11: 185 | D11: 161 | F11: Buckets | G11: Categories | H11: =INDEX(A31:A33, SECTOR) -> Rural+Urban
A12: Pulses and products | B12: 174.9 | C12: 176.9 | D12: 175.6 | F12: Food and Beverages | G12: Cereals and products | H12: =IF($H$11="Rural", IFERROR(VALUE(B5),0)/B$28, IF($H$11="Urban", IFERROR(VALUE(C5),0)/C$28, IFERROR(VALUE(D5),0)/D$28)) -> 0.042227841
A13: Sugar and Confectionery | B13: 121.9 | C13: 124.2 | D13: 122.7 | F13: Food and Beverages | G13: Meat and fish | H13: =IF($H$11="Rural", IFERROR(VALUE(B6),0)/B$28, IF($H$11="Urban", IFERROR(VALUE(C6),0)/C$28, IFERROR(VALUE(D6),0)/D$28)) -> 0.052098021
A14: Spices | B14: 221 | C14: 211.9 | D14: 218 | F14: Food and Beverages | G14: Egg | H14: =IF($H$11="Rural", IFERROR(VALUE(B7),0)/B$28, IF($H$11="Urban", IFERROR(VALUE(C7),0)/C$28, IFERROR(VALUE(D7),0)/D$28)) -> 0.042106287
A15: Non-alcoholic beverages | B15: 178.7 | C15: 165.9 | D15: 173.4 | F15: Food and Beverages | G15: Milk and products | H15: =IF($H$11="Rural", IFERROR(VALUE(B8),0)/B$28, IF($H$11="Urban", IFERROR(VALUE(C8),0)/C$28, IFERROR(VALUE(D8),0)/D$28)) -> 0.043637866
A16: Prepared meals, snacks, sweets etc. | B16: 191.1 | C16: 197.7 | D16: 194.2 | F16: Food and Beverages | G16: Oils and fats | H16: =IF($H$11="Rural", IFERROR(VALUE(B9),0)/B$28, IF($H$11="Urban", IFERROR(VALUE(C9),0)/C$28, IFERROR(VALUE(D9),0)/D$28)) -> 0.041328342
A17: Pan, tobacco and intoxicants | B17: 199.9 | C17: 204.2 | D17: 201 | F17: Food and Beverages | G17: Fruits | H17: =IF($H$11="Rural", IFERROR(VALUE(B10),0)/B$28, IF($H$11="Urban", IFERROR(VALUE(C10),0)/C$28, IFERROR(VALUE(D10),0)/D$28)) -> 0.041863179
A18: Clothing | B18: 191.2 | C18: 181.3 | D18: 187.3 | F18: Food and Beverages | G18: Vegetables | H18: =IF($H$11="Rural", IFERROR(VALUE(B11),0)/B$28, IF($H$11="Urban", IFERROR(VALUE(C11),0)/C$28, IFERROR(VALUE(D11),0)/D$28)) -> 0.03914037
A19: Footwear | B19: 187.9 | C19: 168.1 | D19: 179.7 | F19: Food and Beverages | G19: Pulses and products | H19: =IF($H$11="Rural", IFERROR(VALUE(B12),0)/B$28, IF($H$11="Urban", IFERROR(VALUE(C12),0)/C$28, IFERROR(VALUE(D12),0)/D$28)) -> 0.042689746
A20: Housing | B20: NA | C20: 175.6 | D20: 175.6 | F20: Food and Beverages | G20: Sugar and Confectionery | H20: =IF($H$11="Rural", IFERROR(VALUE(B13),0)/B$28, IF($H$11="Urban", IFERROR(VALUE(C13),0)/C$28, IFERROR(VALUE(D13),0)/D$28)) -> 0.029829338
A21: Fuel and light | B21: 182.5 | C21: 183.4 | D21: 182.8 | F21: Food and Beverages | G21: Spices | H21: =IF($H$11="Rural", IFERROR(VALUE(B14),0)/B$28, IF($H$11="Urban", IFERROR(VALUE(C14),0)/C$28, IFERROR(VALUE(D14),0)/D$28)) -> 0.05299752
A22: Household goods and services | B22: 179.8 | C22: 170.1 | D22: 175.2 | F22: Food and Beverages | G22: Non-alcoholic beverages | H22: =IF($H$11="Rural", IFERROR(VALUE(B15),0)/B$28, IF($H$11="Urban", IFERROR(VALUE(C15),0)/C$28, IFERROR(VALUE(D15),0)/D$28)) -> 0.042154908
A23: Health | B23: 187.8 | C23: 182.2 | D23: 185.7 | F23: Food and Beverages | G23: Prepared meals, snacks, sweets etc. | H23: =IF($H$11="Rural", IFERROR(VALUE(B16),0)/B$28, IF($H$11="Urban", IFERROR(VALUE(C16),0)/C$28, IFERROR(VALUE(D16),0)/D$28)) -> 0.047211552
A24: Transport and communication | B24: 169.7 | C24: 160.4 | D24: 164.8 | F24: Pan, tobacco and intoxicants | G24: Pan, tobacco and intoxicants | H24: =IF($H$11="Rural", IFERROR(VALUE(B17),0)/B$28, IF($H$11="Urban", IFERROR(VALUE(C17),0)/C$28, IFERROR(VALUE(D17),0)/D$28)) -> 0.048864686
A25: Recreation and amusement | B25: 173.8 | C25: 169.2 | D25: 171.2 | F25: Clothing and footwear | G25: Clothing | H25: =IF($H$11="Rural", IFERROR(VALUE(B18),0)/B$28, IF($H$11="Urban", IFERROR(VALUE(C18),0)/C$28, IFERROR(VALUE(D18),0)/D$28)) -> 0.045534108
A26: Education | B26: 180.3 | C26: 174.8 | D26: 177.1 | F26: Clothing and footwear | G26: Footwear | H26: =IF($H$11="Rural", IFERROR(VALUE(B19),0)/B$28, IF($H$11="Urban", IFERROR(VALUE(C19),0)/C$28, IFERROR(VALUE(D19),0)/D$28)) -> 0.043686488
A27: Personal care and effects | B27: 184.9 | C27: 185.6 | D27: 185.2 | F27: Housing | G27: Housing | H27: =IF($H$11="Rural", IFERROR(VALUE(B20),0)/B$28, IF($H$11="Urban", IFERROR(VALUE(C20),0)/C$28, IFERROR(VALUE(D20),0)/D$28)) -> 0.042689746
B28: =SUM(Table2[Rural]) -> 3951.7 | C28: =SUM(Table2[Urban]) -> 4106.9 | D28: =SUM(Table2[Rural+Urban]) -> 4113.4 | F28: Fuel and light | G28: Fuel and light | H28: =IF($H$11="Rural", IFERROR(VALUE(B21),0)/B$28, IF($H$11="Urban", IFERROR(VALUE(C21),0)/C$28, IFERROR(VALUE(D21),0)/D$28)) -> 0.044440123
F29: Miscellaneous | G29: Household goods and services | H29: =IF($H$11="Rural", IFERROR(VALUE(B22),0)/B$28, IF($H$11="Urban", IFERROR(VALUE(C22),0)/C$28, IFERROR(VALUE(D22),0)/D$28)) -> 0.042592503
F30: Miscellaneous | G30: Health | H30: =IF($H$11="Rural", IFERROR(VALUE(B23),0)/B$28, IF($H$11="Urban", IFERROR(VALUE(C23),0)/C$28, IFERROR(VALUE(D23),0)/D$28)) -> 0.045145135
A31: Rural | F31: Miscellaneous | G31: Transport and communication | H31: =IF($H$11="Rural", IFERROR(VALUE(B24),0)/B$28, IF($H$11="Urban", IFERROR(VALUE(C24),0)/C$28, IFERROR(VALUE(D24),0)/D$28)) -> 0.04006418
A32: Urban | F32: Miscellaneous | G32: Recreation and amusement | H32: =IF($H$11="Rural", IFERROR(VALUE(B25),0)/B$28, IF($H$11="Urban", IFERROR(VALUE(C25),0)/C$28, IFERROR(VALUE(D25),0)/D$28)) -> 0.041620071
A33: Rural+Urban | F33: Miscellaneous | G33: Education | H33: =IF($H$11="Rural", IFERROR(VALUE(B26),0)/B$28, IF($H$11="Urban", IFERROR(VALUE(C26),0)/C$28, IFERROR(VALUE(D26),0)/D$28)) -> 0.043054408
F34: Miscellaneous | G34: Personal care and effects | H34: =IF($H$11="Rural", IFERROR(VALUE(B27),0)/B$28, IF($H$11="Urban", IFERROR(VALUE(C27),0)/C$28, IFERROR(VALUE(D27),0)/D$28)) -> 0.045023581

Sheet PS2
L1: 2022 had the highest year-on-year CPI inflation for the Rural+Urban sector in May at 7.04%. The reasons could be:
A2: sector: RURAL+URBAN
A4: Year | B4: General Index | C4: Growth | D4: Highest
A5: 2016 | B5: 128.6 | C5: - | D5: =IF(C5=MAX(C$6:C$12), C5, NA()) -> #N/A
A6: 2017 | B6: 131.4 | C6: =B6/B5-1 -> 0.021772939 | D6: =IF(C6=MAX(C$6:C$12), C6, NA()) -> #N/A
A7: 2018 | B7: 137.8 | C7: =B7/B6-1 -> 0.04870624 | D7: =IF(C7=MAX(C$6:C$12), C7, NA()) -> #N/A
A8: 2019 | B8: 142 | C8: =B8/B7-1 -> 0.030478955 | D8: =IF(C8=MAX(C$6:C$12), C8, NA()) -> #N/A
A9: 2020 | B9: 151.8 | C9: =B9/B8-1 -> 0.069014085 | D9: =IF(C9=MAX(C$6:C$12), C9, NA()) -> #N/A
A10: 2021 | B10: 160.4 | C10: =B10/B9-1 -> 0.056653491 | D10: =IF(C10=MAX(C$6:C$12), C10, NA()) -> #N/A
A11: 2022 | B11: 171.7 | C11: =B11/B10-1 -> 0.070448878 | D11: =IF(C11=MAX(C$6:C$12), C11, NA()) -> 0.070448878
A12: 2023 | B12: 179.1 | C12: =B12/B11-1 -> 0.043098427 | D12: =IF(C12=MAX(C$6:C$12), C12, NA()) -> #N/A

Sheet PS3
A1: Month | B1: Rural | C1: Urban | D1: Rural+Urban
A2: 44713 | B2: ='Cleaned Data'!P338 -> 172.4 | C2: ='Cleaned Data'!P339 -> 179.3 | D2: ='Cleaned Data'!P340 -> 174.9
A3: 44743 | B3: ='Cleaned Data'!P341 -> 172.5 | C3: ='Cleaned Data'!P342 -> 179.4 | D3: ='Cleaned Data'!P343 -> 175
A4: 44774 | B4: ='Cleaned Data'!P344 -> 173.9 | C4: ='Cleaned Data'!P345 -> 180.4 | D4: ='Cleaned Data'!P346 -> 176.3
A5: 44805 | B5: ='Cleaned Data'!P347 -> 175.5 | C5: ='Cleaned Data'!P348 -> 181.8 | D5: ='Cleaned Data'!P349 -> 177.8
A6: 44835 | B6: ='Cleaned Data'!P350 -> 177.4 | C6: ='Cleaned Data'!P351 -> 183.3 | D6: ='Cleaned Data'!P352 -> 179.6
A7: 44866 | B7: ='Cleaned Data'!P353 -> 176.6 | C7: ='Cleaned Data'!P354 -> 181.3 | D7: ='Cleaned Data'!P355 -> 178.3
A8: 44896 | B8: ='Cleaned Data'!P356 -> 174.4 | C8: ='Cleaned Data'!P357 -> 178.6 | D8: ='Cleaned Data'!P358 -> 175.9
A9: 44927 | B9: ='Cleaned Data'!P359 -> 175 | C9: ='Cleaned Data'!P360 -> 179.5 | D9: ='Cleaned Data'!P361 -> 176.7
A10: 44958 | B10: ='Cleaned Data'!P362 -> 174.8 | C10: ='Cleaned Data'!P363 -> 180.7 | D10: ='Cleaned Data'!P364 -> 177
A11: 44986 | B11: ='Cleaned Data'!P365 -> 174.8 | C11: ='Cleaned Data'!P366 -> 180.8 | D11: ='Cleaned Data'!P367 -> 177
A12: 45017 | B12: ='Cleaned Data'!P368 -> 175.5 | C12: ='Cleaned Data'!P369 -> 182.1 | D12: ='Cleaned Data'!P370 -> 177.9
A13: 45047 | B13: ='Cleaned Data'!P371 -> 176.8 | C13: ='Cleaned Data'!P372 -> 183.1 | D13: ='Cleaned Data'!P373 -> 179.1
A15: Monthly Inflation Rate
A16: Month | B16: Rural | C16: Urban | D16: Rural+Urban
A17: 44713 | B17: =(B2/'Cleaned Data'!P335) -1 -> 0.0093676815 | C17: =(C2/'Cleaned Data'!P336) -1 -> 0.010140845 | D17: =(D2/'Cleaned Data'!P337) -1 -> 0.0092325447
A18: 44743 | B18: =B3/B2 -1 -> 0.0005800464 | C18: =C3/C2 -1 -> 0.00055772448 | D18: =D3/D2 -1 -> 0.00057175529
A19: 44774 | B19: =B4/B3 -1 -> 0.008115942 | C19: =C4/C3 -1 -> 0.005574136 | D19: =D4/D3 -1 -> 0.0074285714
A20: 44805 | B20: =B5/B4 -1 -> 0.0092006901 | C20: =C5/C4 -1 -> 0.0077605322 | D20: =D5/D4 -1 -> 0.0085082246
A21: 44835 | B21: =B6/B5 -1 -> 0.010826211 | C21: =C6/C5 -1 -> 0.0082508251 | D21: =D6/D5 -1 -> 0.010123735
A22: 44866 | B22: =B7/B6 -1 -> -0.0045095829 | C22: =C7/C6 -1 -> -0.010911075 | D22: =D7/D6 -1 -> -0.0072383073
A23: 44896 | B23: =B8/B7 -1 -> -0.012457531 | C23: =C8/C7 -1 -> -0.014892443 | D23: =D8/D7 -1 -> -0.01346046
A24: 44927 | B24: =B9/B8 -1 -> 0.003440367 | C24: =C9/C8 -1 -> 0.0050391937 | D24: =D9/D8 -1 -> 0.0045480387
A25: 44958 | B25: =B10/B9 -1 -> -0.0011428571 | C25: =C10/C9 -1 -> 0.0066852368 | D25: =D10/D9 -1 -> 0.0016977929
A26: 44986 | B26: =B11/B10 -1 -> 0 | C26: =C11/C10 -1 -> 0.00055340343 | D26: =D11/D10 -1 -> 0
A27: 45017 | B27: =B12/B11 -1 -> 0.0040045767 | C27: =C12/C11 -1 -> 0.0071902655 | D27: =D12/D11 -1 -> 0.0050847458
A28: 45047 | B28: =B13/B12 -1 -> 0.0074074074 | C28: =C13/C12 -1 -> 0.0054914882 | D28: =D13/D12 -1 -> 0.0067453626
B33: Rural | E33: Urban | H33: Rural+Urban
A34: Categories | B34: 44713 | C34: 45047 | D34: Change | E34: 44713 | F34: 45047 | G34: Change | H34: 44713 | I34: 45047 | J34: Change
A35: Cereals and products | B35: 153.8 | C35: 173.2 | D35: =C35-B35 -> 19.4 | E35: 157.5 | F35: 174.7 | G35: =F35-E35 -> 17.2 | H35: 155 | I35: 173.7 | J35: =I35-H35 -> 18.7
A36: Meat and fish | B36: 217.2 | C36: 211.5 | D36: =C36-B36 -> -5.7 | E36: 223.4 | F36: 219.4 | G36: =F36-E36 -> -4 | H36: 219.4 | I36: 214.3 | J36: =I36-H36 -> -5.1
A37: Egg | B37: 169.6 | C37: 171 | D37: =C37-B37 -> 1.4 | E37: 172.8 | F37: 176.7 | G37: =F37-E37 -> 3.9 | H37: 170.8 | I37: 173.2 | J37: =I37-H37 -> 2.4
A38: Milk and products | B38: 165.4 | C38: 179.6 | D38: =C38-B38 -> 14.2 | E38: 166.4 | F38: 179.4 | G38: =F38-E38 -> 13 | H38: 165.8 | I38: 179.5 | J38: =I38-H38 -> 13.7
A39: Oils and fats | B39: 208.1 | C39: 173.3 | D39: =C39-B39 -> -34.8 | E39: 188.6 | F39: 164.4 | G39: =F39-E39 -> -24.2 | H39: 200.9 | I39: 170 | J39: =I39-H39 -> -30.9
A40: Fruits | B40: 165.8 | C40: 169 | D40: =C40-B40 -> 3.2 | E40: 174.1 | F40: 175.8 | G40: =F40-E40 -> 1.7 | H40: 169.7 | I40: 172.2 | J40: =I40-H40 -> 2.5
A41: Vegetables | B41: 167.3 | C41: 148.7 | D41: =C41-B41 -> -18.6 | E41: 211.5 | F41: 185 | G41: =F41-E41 -> -26.5 | H41: 182.3 | I41: 161 | J41: =I41-H41 -> -21.3
A42: Pulses and products | B42: 164.6 | C42: 174.9 | D42: =C42-B42 -> 10.3 | E42: 163.6 | F42: 176.9 | G42: =F42-E42 -> 13.3 | H42: 164.3 | I42: 175.6 | J42: =I42-H42 -> 11.3
A43: Sugar and Confectionery | B43: 119.1 | C43: 121.9 | D43: =C43-B43 -> 2.8 | E43: 121.4 | F43: 124.2 | G43: =F43-E43 -> 2.8 | H43: 119.9 | I43: 122.7 | J43: =I43-H43 -> 2.8
A44: Spices | B44: 188.9 | C44: 221 | D44: =C44-B44 -> 32.1 | E44: 183.5 | F44: 211.9 | G44: =F44-E44 -> 28.4 | H44: 187.1 | I44: 218 | J44: =I44-H44 -> 30.9
A45: Non-alcoholic beverages | B45: 174.2 | C45: 178.7 | D45: =C45-B45 -> 4.5 | E45: 159.1 | F45: 165.9 | G45: =F45-E45 -> 6.8 | H45: 167.9 | I45: 173.4 | J45: =I45-H45 -> 5.5
A46: Prepared meals, snacks, sweets etc. | B46: 181.9 | C46: 191.1 | D46: =C46-B46 -> 9.2 | E46: 186.3 | F46: 197.7 | G46: =F46-E46 -> 11.4 | H46: 183.9 | I46: 194.2 | J46: =I46-H46 -> 10.3
A47: Biggest Contributor | B47: =INDEX($A$35:A46, MATCH(MAX(D35:D46), D35:D46, 0)) -> Spices | E47: =INDEX($A$35:$A$46, MATCH(MAX(G35:G46), G35:G46, 0)) -> Spices | H47: =INDEX($A$35:$A$46, MATCH(MAX(J35:J46), J35:J46, 0)) -> Spices

Sheet PS4
A1: To investigate how the onset and progression of Covid-19 pandemic affected inflation rates in India
C3: Food and beverages | F3: Housing | I3: Fuel and light | L3: Household goods and services | O3: Health | R3: Transport and communication | U3: Recreation and amusement | X3: Education | AA3: Personal care and effects
B4: Month | C4: Rural | D4: Urban | E4: Rural+Urban | F4: Rural | G4: Urban | H4: Rural+Urban | I4: Rural | J4: Urban | K4: Rural+Urban | L4: Rural | M4: Urban | N4: Rural+Urban | O4: Rural | P4: Urban | Q4: Rural+Urban | R4: Rural | S4: Urban | T4: Rural+Urban | U4: Rural | V4: Urban | W4: Rural+Urban | X4: Rural | Y4: Urban | Z4: Rural+Urban | AA4: Rural | AB4: Urban | AC4: Rural+Urban
A5: Before Covid | B5: 43800 | C5: 154.3 | D5: 156.3 | E5: 155 | F5: NA | G5: 152.8 | H5: 152.8 | I5: 149.9 | J5: 133.6 | K5: 143.7 | L5: 151.2 | M5: 139.8 | N5: 145.8 | O5: 154.8 | P5: 143.2 | Q5: 150.4 | R5: 135 | S5: 125.2 | T5: 129.8 | U5: 149.5 | V5: 136.8 | W5: 142.3 | X5: 161.1 | Y5: 151.9 | Z5: 155.7 | AA5: 140.6 | AB5: 140.2 | AC5: 140.4
B6: 43831 | C6: 153 | D6: 154.4 | E6: 153.5 | F6: NA | G6: 153.9 | H6: 153.9 | I6: 150.4 | J6: 135.1 | K6: 144.6 | L6: 151.7 | M6: 140.1 | N6: 146.2 | O6: 155.7 | P6: 143.8 | Q6: 151.2 | R6: 136.3 | S6: 126.1 | T6: 130.9 | U6: 150.1 | V6: 137.2 | W6: 142.8 | X6: 161.7 | Y6: 152.1 | Z6: 156.1 | AA6: 142.5 | AB6: 142.1 | AC6: 142.3
B7: 43862 | C7: 149.8 | D7: 151.7 | E7: 150.5 | F7: NA | G7: 154.8 | H7: 154.8 | I7: 152.3 | J7: 138.9 | K7: 147.2 | L7: 151.8 | M7: 140.4 | N7: 146.4 | O7: 156.2 | P7: 144.4 | Q7: 151.7 | R7: 136 | S7: 125.2 | T7: 130.3 | U7: 150.4 | V7: 137.7 | W7: 143.2 | X7: 161.9 | Y7: 152.2 | Z7: 156.2 | AA7: 143.4 | AB7: 143.5 | AC7: 143.4
A8: Lock Down | B8: 43891 | C8: 148.2 | D8: 150.1 | E8: 148.9 | F8: NA | G8: 154.5 | H8: 154.5 | I8: 153.4 | J8: 141.4 | K8: 148.9 | L8: 151.5 | M8: 140.8 | N8: 146.4 | O8: 156.7 | P8: 145 | Q8: 152.3 | R8: 135.8 | S8: 124.6 | T8: 129.9 | U8: 151.2 | V8: 137.9 | W8: 143.7 | X8: 161.2 | Y8: 152.5 | Z8: 156.1 | AA8: 145.1 | AB8: 145.3 | AC8: 145.2
B9: 43922 | C9: 150.1 | D9: 153.5 | E9: 151.4 | F9: NA | G9: 155.6 | H9: 155.6 | I9: 148.4 | J9: 137.1 | K9: 144.1 | L9: 151.56667 | M9: 140.66667 | N9: 146.4 | O9: 154.3 | P9: 144.8 | Q9: 150.7 | R9: 137.66667 | S9: 126.16667 | T9: 131.6 | U9: 151.86667 | V9: 140.1 | W9: 145.23333 | X9: 161.4 | Y9: 152.5 | Z9: 156.2 | AA9: 147.13333 | AB9: 147.6 | AC9: 147.33333
B10: 43952 | C10: 151.2 | D10: 155.25 | E10: 152.7 | F10: NA | G10: 155.2 | H10: 155.2 | I10: 146.65 | J10: 137.1 | K10: 143 | L10: 151.7 | M10: 140.4 | N10: 146.4 | O10: 156.25 | P10: 146.45 | Q10: 152.55 | R10: 141.4 | S10: 129.3 | T10: 135 | U10: 153.2 | V10: 144.5 | W10: 148.3 | X10: 161.8 | Y10: 152.5 | Z10: 156.4 | AA10: 151.2 | AB10: 152.2 | AC10: 151.6
A11: Post-Covid LockDown | B11: 43983 | C11: 152.3 | D11: 157 | E11: 154 | F11: NA | G11: 154.7 | H11: 154.7 | I11: 144.9 | J11: 137.1 | K11: 141.9 | L11: 151.7 | M11: 140.4 | N11: 146.4 | O11: 158.2 | P11: 148.1 | Q11: 154.4 | R11: 141.4 | S11: 129.3 | T11: 135 | U11: 153.2 | V11: 144.5 | W11: 148.3 | X11: 161.8 | Y11: 152.5 | Z11: 156.4 | AA11: 151.2 | AB11: 152.2 | AC11: 151.6
B12: 44013 | C12: 152.3 | D12: 157 | E12: 154 | F12: NA | G12: 154.7 | H12: 154.7 | I12: 144.9 | J12: 137.1 | K12: 141.9 | L12: 151.7 | M12: 140.4 | N12: 146.4 | O12: 158.2 | P12: 148.1 | Q12: 154.4 | R12: 141.4 | S12: 129.3 | T12: 135 | U12: 153.2 | V12: 144.5 | W12: 148.3 | X12: 161.8 | Y12: 152.5 | Z12: 156.4 | AA12: 151.2 | AB12: 152.2 | AC12: 151.6
B13: 44044 | C13: 155.3 | D13: 159.9 | E13: 157 | F13: NA | G13: 155.5 | H13: 155.5 | I13: 145.8 | J13: 138.3 | K13: 143 | L13: 151.9 | M13: 144.5 | N13: 148.4 | O13: 158.8 | P13: 148.7 | Q13: 155 | R13: 143.6 | S13: 133.9 | T13: 138.5 | U13: 152.2 | V13: 141.2 | W13: 146 | X13: 162.7 | Y13: 155.5 | Z13: 158.5 | AA13: 153.6 | AB13: 155.2 | AC13: 154.3
B14: 44075 | C14: 156.1 | D14: 161.3 | E14: 158 | F14: NA | G14: 156.3 | H14: 156.3 | I14: 146.4 | J14: 137.2 | K14: 142.9 | L14: 151.6 | M14: 145.4 | N14: 148.7 | O14: 159.1 | P14: 150 | Q14: 155.6 | R14: 144.6 | S14: 135.1 | T14: 139.6 | U14: 152.8 | V14: 141.8 | W14: 146.6 | X14: 161.1 | Y14: 154.9 | Z14: 157.5 | AA14: 157.4 | AB14: 159.8 | AC14: 158.4
B15: 44105 | C15: 159.6 | D15: 164.4 | E15: 161.4 | F15: NA | G15: 156.5 | H15: 156.5 | I15: 146.8 | J15: 137.1 | K15: 143.1 | L15: 152 | M15: 145.1 | N15: 148.7 | O15: 159.5 | P15: 151 | Q15: 156.3 | R15: 146.4 | S15: 135.4 | T15: 140.6 | U15: 152.4 | V15: 142 | W15: 146.5 | X15: 162.5 | Y15: 155.7 | Z15: 158.5 | AA15: 156.2 | AB15: 158.1 | AC15: 157
A18: SECTOR : RURAL
B19: Month | C19: Food and beverages | D19: Housing | E19: Fuel and light | F19: Household goods and services | G19: Health | H19: Transport and communication | I19: Recreation and amusement | J19: Education | K19: Personal care and effects
A20: Before Covid | B20: 43800 | C20: =C5/'Cleaned Data'!P245 - 1 -> 0.022531478 | D20: NA | E20: =I5/'Cleaned Data'!V245 - 1 -> 0.010107817 | F20: =L5/'Cleaned Data'!W245 - 1 -> 0.0019880716 | G20: =O5/'Cleaned Data'!X245 - 1 -> 0.0032404407 | H20: =R5/'Cleaned Data'!Y245 - 1 -> 0.021953066 | I20: =U5/'Cleaned Data'!Z245 - 1 -> 0.0026827632 | J20: =X5/'Cleaned Data'!AA245 - 1 -> 0.0018656716 | K20: =AA5/'Cleaned Data'!AB245 - 1 -> 0
B21: 43831 | C21: =C6/C5 - 1 -> -0.0084251458 | D21: NA | E21: =I6/I5 - 1 -> 0.003335557 | F21: =L6/L5 - 1 -> 0.0033068783 | G21: =O6/O5 - 1 -> 0.0058139535 | H21: =R6/R5 - 1 -> 0.0096296296 | I21: =U6/U5 - 1 -> 0.0040133779 | J21: =X6/X5 - 1 -> 0.0037243948 | K21: =AA6/AA5 - 1 -> 0.013513514
B22: 43862 | C22: =C7/C6 - 1 -> -0.020915033 | D22: NA | E22: =I7/I6 - 1 -> 0.012632979 | F22: =L7/L6 - 1 -> 0.00065919578 | G22: =O7/O6 - 1 -> 0.0032113038 | H22: =R7/R6 - 1 -> -0.0022010271 | I22: =U7/U6 - 1 -> 0.0019986676 | J22: =X7/X6 - 1 -> 0.0012368584 | K22: =AA7/AA6 - 1 -> 0.0063157895
A23: Lock Down | B23: 43891 | C23: =C8/C7 - 1 -> -0.010680908 | D23: NA | E23: =I8/I7 - 1 -> 0.007222587 | F23: =L8/L7 - 1 -> -0.0019762846 | G23: =O8/O7 - 1 -> 0.0032010243 | H23: =R8/R7 - 1 -> -0.0014705882 | I23: =U8/U7 - 1 -> 0.0053191489 | J23: =X8/X7 - 1 -> -0.0043236566 | K23: =AA8/AA7 - 1 -> 0.011854951
B24: 43922 | C24: =C9/C8 - 1 -> 0.012820513 | D24: NA | E24: =I9/I8 - 1 -> -0.032594524 | F24: =L9/L8 - 1 -> 0.000440044 | G24: =O9/O8 - 1 -> -0.01531589 | H24: =R9/R8 - 1 -> 0.013745704 | I24: =U9/U8 - 1 -> 0.0044091711 | J24: =X9/X8 - 1 -> 0.0012406948 | K24: =AA9/AA8 - 1 -> 0.014013324
B25: 43952 | C25: =C10/C9 - 1 -> 0.0073284477 | D25: NA | E25: =I10/I9 - 1 -> -0.011792453 | F25: =L10/L9 - 1 -> 0.0008797009 | G25: =O10/O9 - 1 -> 0.012637719 | H25: =R10/R9 - 1 -> 0.027118644 | I25: =U10/U9 - 1 -> 0.0087796313 | J25: =X10/X9 - 1 -> 0.0024783147 | K25: =AA10/AA9 - 1 -> 0.027639329
A26: Post-Covid LockDown | B26: 43983 | C26: =C11/C10 - 1 -> 0.0072751323 | D26: NA | E26: =I11/I10 - 1 -> -0.011933174 | F26: =L11/L10 - 1 -> 0 | G26: =O11/O10 - 1 -> 0.01248 | H26: =R11/R10 - 1 -> 0 | I26: =U11/U10 - 1 -> 0 | J26: =X11/X10 - 1 -> 0 | K26: =AA11/AA10 - 1 -> 0
B27: 44013 | C27: =C12/C11 - 1 -> 0 | D27: NA | E27: =I12/I11 - 1 -> 0 | F27: =L12/L11 - 1 -> 0 | G27: =O12/O11 - 1 -> 0 | H27: =R12/R11 - 1 -> 0 | I27: =U12/U11 - 1 -> 0 | J27: =X12/X11 - 1 -> 0 | K27: =AA12/AA11 - 1 -> 0
B28: 44044 | C28: =C13/C12 - 1 -> 0.019697965 | D28: NA | E28: =I13/I12 - 1 -> 0.0062111801 | F28: =L13/L12 - 1 -> 0.0013183916 | G28: =O13/O12 - 1 -> 0.0037926675 | H28: =R13/R12 - 1 -> 0.015558699 | I28: =U13/U12 - 1 -> -0.0065274151 | J28: =X13/X12 - 1 -> 0.0055624227 | K28: =AA13/AA12 - 1 -> 0.015873016
B29: 44075 | C29: =C14/C13 - 1 -> 0.00515132 | D29: NA | E29: =I14/I13 - 1 -> 0.0041152263 | F29: =L14/L13 - 1 -> -0.0019749835 | G29: =O14/O13 - 1 -> 0.0018891688 | H29: =R14/R13 - 1 -> 0.0069637883 | I29: =U14/U13 - 1 -> 0.0039421813 | J29: =X14/X13 - 1 -> -0.0098340504 | K29: =AA14/AA13 - 1 -> 0.024739583
B30: 44105 | C30: =C15/C14 - 1 -> 0.022421525 | D30: NA | E30: =I15/I14 - 1 -> 0.0027322404 | F30: =L15/L14 - 1 -> 0.0026385224 | G30: =O15/O14 - 1 -> 0.002514142 | H30: =R15/R14 - 1 -> 0.012448133 | I30: =U15/U14 - 1 -> -0.002617801 | J30: =X15/X14 - 1 -> 0.0086902545 | K30: =AA15/AA14 - 1 -> -0.0076238882
A32: SECTOR : URBAN
B33: Month | C33: Food and beverages | D33: Housing | E33: Fuel and light | F33: Household goods and services | G33: Health | H33: Transport and communication | I33: Recreation and amusement | J33: Education | K33: Personal care and effects
A34: Before Covid | B34: 43800 | C34: =D5/'Cleaned Data'!P246 - 1 -> 0.017578125 | D34: =G5/'Cleaned Data'!U246 - 1 -> -0.0045602606 | E34: =J5/'Cleaned Data'!V246 - 1 -> 0.010590015 | F34: =M5/'Cleaned Data'!W246-1 -> 0.0050323508 | G34: =P5/'Cleaned Data'!X246-1 -> 0.0028011204 | H34: =S5/'Cleaned Data'!Y246-1 -> 0.028759244 | I34: =V5/'Cleaned Data'!Z246-1 -> 0.0007315289 | J34: =Y5/'Cleaned Data'!AA246-1 -> 0.00065876153 | K34: =AB5/'Cleaned Data'!AB246-1 -> 0.0028612303
B35: 43831 | C35: =D6/D5 -1 -> -0.01215611 | D35: =G6/65 - 1 -> 1.3676923 | E35: =J6/J5 - 1 -> 0.011227545 | F35: =M6/M5 - 1 -> 0.0021459227 | G35: =P6/P5 - 1 -> 0.0041899441 | H35: =S6/S5 - 1 -> 0.0071884984 | I35: =V6/V5 - 1 -> 0.0029239766 | J35: =Y6/Y5 - 1 -> 0.0013166557 | K35: =AB6/AB5 - 1 -> 0.013552068
B36: 43862 | C36: =D7/D6 -1 -> -0.017487047 | D36: =G7/65 - 1 -> 1.3815385 | E36: =J7/J6 - 1 -> 0.028127313 | F36: =M7/M6 - 1 -> 0.0021413276 | G36: =P7/P6 - 1 -> 0.0041724618 | H36: =S7/S6 - 1 -> -0.0071371927 | I36: =V7/V6 - 1 -> 0.0036443149 | J36: =Y7/Y6 - 1 -> 0.0006574622 | K36: =AB7/AB6 - 1 -> 0.0098522167
A37: Lock Down | B37: 43891 | C37: =D8/D7 -1 -> -0.010547132 | D37: =G8/65 - 1 -> 1.3769231 | E37: =J8/J7 - 1 -> 0.01799856 | F37: =M8/M7 - 1 -> 0.0028490028 | G37: =P8/P7 - 1 -> 0.0041551247 | H37: =S8/S7 - 1 -> -0.0047923323 | I37: =V8/V7 - 1 -> 0.0014524328 | J37: =Y8/Y7 - 1 -> 0.0019710907 | K37: =AB8/AB7 - 1 -> 0.012543554
B38: 43922 | C38: =D9/D8 -1 -> 0.022651566 | D38: =G9/65 - 1 -> 1.3938462 | E38: =J9/J8 - 1 -> -0.030410184 | F38: =M9/M8 - 1 -> -0.0009469697 | G38: =P9/P8 - 1 -> -0.0013793103 | H38: =S9/S8 - 1 -> 0.012573569 | I38: =V9/V8 - 1 -> 0.01595359 | J38: =Y9/Y8 - 1 -> 0 | K38: =AB9/AB8 - 1 -> 0.015829319
B39: 43952 | C39: =D10/D9 -1 -> 0.011400651 | D39: =G10/65 - 1 -> 1.3876923 | E39: =J10/J9 - 1 -> 0 | F39: =M10/M9 - 1 -> -0.0018957346 | G39: =P10/P9 - 1 -> 0.011395028 | H39: =S10/S9 - 1 -> 0.024834875 | I39: =V10/V9 - 1 -> 0.031406138 | J39: =Y10/Y9 - 1 -> 0 | K39: =AB10/AB9 - 1 -> 0.031165312
A40: Post-Covid LockDown | B40: 43983 | C40: =D11/D10 -1 -> 0.011272142 | D40: =G11/65 - 1 -> 1.38 | E40: =J11/J10 - 1 -> 0 | F40: =M11/M10 - 1 -> 0 | G40: =P11/P10 - 1 -> 0.011266644 | H40: =S11/S10 - 1 -> 0 | I40: =V11/V10 - 1 -> 0 | J40: =Y11/Y10 - 1 -> 0 | K40: =AB11/AB10 - 1 -> 0
B41: 44013 | C41: =D12/D11 -1 -> 0 | D41: =G12/65 - 1 -> 1.38 | E41: =J12/J11 - 1 -> 0 | F41: =M12/M11 - 1 -> 0 | G41: =P12/P11 - 1 -> 0 | H41: =S12/S11 - 1 -> 0 | I41: =V12/V11 - 1 -> 0 | J41: =Y12/Y11 - 1 -> 0 | K41: =AB12/AB11 - 1 -> 0
B42: 44044 | C42: =D13/D12 -1 -> 0.018471338 | D42: =G13/65 - 1 -> 1.3923077 | E42: =J13/J12 - 1 -> 0.0087527352 | F42: =M13/M12 - 1 -> 0.029202279 | G42: =P13/P12 - 1 -> 0.0040513167 | H42: =S13/S12 - 1 -> 0.035576179 | I42: =V13/V12 - 1 -> -0.02283737 | J42: =Y13/Y12 - 1 -> 0.019672131 | K42: =AB13/AB12 - 1 -> 0.019710907
B43: 44075 | C43: =D14/D13 -1 -> 0.0087554722 | D43: =G14/65 - 1 -> 1.4046154 | E43: =J14/J13 - 1 -> -0.0079537238 | F43: =M14/M13 - 1 -> 0.0062283737 | G43: =P14/P13 - 1 -> 0.0087424344 | H43: =S14/S13 - 1 -> 0.0089619119 | I43: =V14/V13 - 1 -> 0.0042492918 | J43: =Y14/Y13 - 1 -> -0.0038585209 | K43: =AB14/AB13 - 1 -> 0.029639175
B44: 44105 | C44: =D15/D14 -1 -> 0.019218847 | D44: =G15/65 - 1 -> 1.4076923 | E44: =J15/J14 - 1 -> -0.00072886297 | F44: =M15/M14 - 1 -> -0.0020632737 | G44: =P15/P14 - 1 -> 0.0066666667 | H44: =S15/S14 - 1 -> 0.0022205774 | I44: =V15/V14 - 1 -> 0.0014104372 | J44: =Y15/Y14 - 1 -> 0.0051646223 | K44: =AB15/AB14 - 1 -> -0.010638298
A46: SECTOR : RURAL+URBAN
B47: Month | C47: Food and beverages | D47: Housing | E47: Fuel and light | F47: Household goods and services | G47: Health | H47: Transport and communication | I47: Recreation and amusement | J47: Education | K47: Personal care and effects
A48: Before Covid | B48: 43800 | C48: =E5/'Cleaned Data'!P247-1 -> 0.020408163 | D48: =H5/'Cleaned Data'!U247-1 -> -0.0045602606 | E48: =K5/'Cleaned Data'!V247-1 -> 0.0098383696 | F48: =N5/'Cleaned Data'!W247-1 -> 0.0034411562 | G48: =Q5/'Cleaned Data'!X247-1 -> 0.003335557 | H48: =T5/'Cleaned Data'!Y247-1 -> 0.025276461 | I48: =W5/'Cleaned Data'!Z247-1 -> 0.0014074595 | J48: =Z5/'Cleaned Data'!AA247-1 -> 0.0012861736 | K48: =AC5/'Cleaned Data'!AB247-1 -> 0.00071275837
B49: 43831 | C49: =E6/E5 - 1 -> -0.0096774194 | D49: =H6/H5 - 1 -> 0.0071989529 | E49: =K6/K5-1 -> 0.006263048 | F49: =N6/N5 - 1 -> 0.0027434842 | G49: =Q6/Q5 - 1 -> 0.0053191489 | H49: =T6/T5 - 1 -> 0.0084745763 | I49: =W6/W5 - 1 -> 0.0035137034 | J49: =Z6/Z5 - 1 -> 0.002569043 | K49: =AC6/AC5 - 1 -> 0.013532764
B50: 43862 | C50: =E7/E6 - 1 -> -0.019543974 | D50: =H7/H6 - 1 -> 0.0058479532 | E50: =K7/K6-1 -> 0.017980636 | F50: =N7/N6 - 1 -> 0.0013679891 | G50: =Q7/Q6 - 1 -> 0.0033068783 | H50: =T7/T6 - 1 -> -0.0045836516 | I50: =W7/W6 - 1 -> 0.0028011204 | J50: =Z7/Z6 - 1 -> 0.00064061499 | K50: =AC7/AC6 - 1 -> 0.0077301476
A51: Lock Down | B51: 43891 | C51: =E8/E7 - 1 -> -0.010631229 | D51: =H8/H7 - 1 -> -0.0019379845 | E51: =K8/K7-1 -> 0.011548913 | F51: =N8/N7 - 1 -> 0 | G51: =Q8/Q7 - 1 -> 0.0039551747 | H51: =T8/T7 - 1 -> -0.0030698388 | I51: =W8/W7 - 1 -> 0.0034916201 | J51: =Z8/Z7 - 1 -> -0.00064020487 | K51: =AC8/AC7 - 1 -> 0.012552301
B52: 43922 | C52: =E9/E8 - 1 -> 0.016789792 | D52: =H9/H8 - 1 -> 0.0071197411 | E52: =K9/K8-1 -> -0.0322364 | F52: =N9/N8 - 1 -> 0 | G52: =Q9/Q8 - 1 -> -0.010505581 | H52: =T9/T8 - 1 -> 0.01308699 | I52: =W9/W8 - 1 -> 0.010670378 | J52: =Z9/Z8 - 1 -> 0.00064061499 | K52: =AC9/AC8 - 1 -> 0.014692378
B53: 43952 | C53: =E10/E9 - 1 -> 0.0085865258 | D53: =H10/H9 - 1 -> -0.0025706941 | E53: =K10/K9-1 -> -0.0076335878 | F53: =N10/N9 - 1 -> 0 | G53: =Q10/Q9 - 1 -> 0.012276045 | H53: =T10/T9 - 1 -> 0.025835866 | I53: =W10/W9 - 1 -> 0.021115446 | J53: =Z10/Z9 - 1 -> 0.0012804097 | K53: =AC10/AC9 - 1 -> 0.028959276
A54: Post-Covid LockDown | B54: 43983 | C54: =E11/E10 - 1 -> 0.008513425 | D54: =H11/H10 - 1 -> -0.0032216495 | E54: =K11/K10-1 -> -0.0076923077 | F54: =N11/N10 - 1 -> 0 | G54: =Q11/Q10 - 1 -> 0.012127171 | H54: =T11/T10 - 1 -> 0 | I54: =W11/W10 - 1 -> 0 | J54: =Z11/Z10 - 1 -> 0 | K54: =AC11/AC10 - 1 -> 0
B55: 44013 | C55: =E12/E11 - 1 -> 0 | D55: =H12/H11 - 1 -> 0 | E55: =K12/K11-1 -> 0 | F55: =N12/N11 - 1 -> 0 | G55: =Q12/Q11 - 1 -> 0 | H55: =T12/T11 - 1 -> 0 | I55: =W12/W11 - 1 -> 0 | J55: =Z12/Z11 - 1 -> 0 | K55: =AC12/AC11 - 1 -> 0
B56: 44044 | C56: =E13/E12 - 1 -> 0.019480519 | D56: =H13/H12 - 1 -> 0.0051712993 | E56: =K13/K12-1 -> 0.007751938 | F56: =N13/N12 - 1 -> 0.013661202 | G56: =Q13/Q12 - 1 -> 0.0038860104 | H56: =T13/T12 - 1 -> 0.025925926 | I56: =W13/W12 - 1 -> -0.015509103 | J56: =Z13/Z12 - 1 -> 0.01342711 | K56: =AC13/AC12 - 1 -> 0.017810026
B57: 44075 | C57: =E14/E13 - 1 -> 0.0063694268 | D57: =H14/H13 - 1 -> 0.0051446945 | E57: =K14/K13-1 -> -0.0006993007 | F57: =N14/N13 - 1 -> 0.0020215633 | G57: =Q14/Q13 - 1 -> 0.0038709677 | H57: =T14/T13 - 1 -> 0.0079422383 | I57: =W14/W13 - 1 -> 0.004109589 | J57: =Z14/Z13 - 1 -> -0.0063091483 | K57: =AC14/AC13 - 1 -> 0.026571614
B58: 44105 | C58: =E15/E14 - 1 -> 0.021518987 | D58: =H15/H14 - 1 -> 0.0012795905 | E58: =K15/K14-1 -> 0.0013995801 | F58: =N15/N14 - 1 -> 0 | G58: =Q15/Q14 - 1 -> 0.0044987147 | H58: =T15/T14 - 1 -> 0.0071633238 | I58: =W15/W14 - 1 -> -0.00068212824 | J58: =Z15/Z14 - 1 -> 0.0063492063 | K58: =AC15/AC14 - 1 -> -0.0088383838

Sheet PS5
A1: To Investigate how major global economic events (like imported crude oil price fluctuations) have influenced India's inflation.
A2: INFLATION
A3: Month-Year | B3: Price | C3: Food and Beverages | D3: Fuel and Light | E3: Transport and Communication | F3: Others | H3: Category | I3: Correlation
A4: 44317 | B4: 0 | C4: 0 | D4: 0 | E4: 0 | F4: 0 | H4: Food and Beverages | I4: =CORREL($B$5:$B$28,$C$5:$C$28) -> -0.0040586325
A5: 44348 | B5: ='Imported Oil Prices'!B4/'Imported Oil Prices'!B3-1 -> 0.068208761 | C5: ='Imported Oil Prices'!C4/'Imported Oil Prices'!C3-1 -> 0.011823273 | D5: ='Imported Oil Prices'!D4/'Imported Oil Prices'!D3-1 -> 0.0025094103 | E5: ='Imported Oil Prices'!E4/'Imported Oil Prices'!E3-1 -> 0.01208865 | F5: ='Imported Oil Prices'!F4/'Imported Oil Prices'!F3-1 -> -0.0017409471 | H5: Fuel and Light | I5: =CORREL($B$5:$B$28,$D$5:$D$28) -> -0.075638543
A6: 44378 | B6: ='Imported Oil Prices'!B5/'Imported Oil Prices'!B4-1 -> -0.0055224861 | C6: ='Imported Oil Prices'!C5/'Imported Oil Prices'!C4-1 -> 0.0086100861 | D6: ='Imported Oil Prices'!D5/'Imported Oil Prices'!D4-1 -> 0.0056320401 | E6: ='Imported Oil Prices'!E5/'Imported Oil Prices'!E4-1 -> 0.01592568 | F6: ='Imported Oil Prices'!F5/'Imported Oil Prices'!F4-1 -> 0.004795954 | H6: Transport and Communication | I6: =CORREL($B$5:$B$28,$E$5:$E$28) -> 0.15330026
A7: 44409 | B7: ='Imported Oil Prices'!B6/'Imported Oil Prices'!B5-1 -> -0.036768356 | C7: ='Imported Oil Prices'!C6/'Imported Oil Prices'!C5-1 -> 0 | D7: ='Imported Oil Prices'!D6/'Imported Oil Prices'!D5-1 -> 0.011823273 | E7: ='Imported Oil Prices'!E6/'Imported Oil Prices'!E5-1 -> 0.0058785108 | F7: ='Imported Oil Prices'!F6/'Imported Oil Prices'!F5-1 -> 0.0074633342 | H7: Others | I7: =CORREL($B$5:$B$28,$F$5:$F$28) -> -0.074202608
A8: 44440 | B8: ='Imported Oil Prices'!B7/'Imported Oil Prices'!B6-1 -> 0.055560572 | C8: ='Imported Oil Prices'!C7/'Imported Oil Prices'!C6-1 -> 0 | D8: ='Imported Oil Prices'!D7/'Imported Oil Prices'!D6-1 -> 0 | E8: ='Imported Oil Prices'!E7/'Imported Oil Prices'!E6-1 -> 0 | F8: ='Imported Oil Prices'!F7/'Imported Oil Prices'!F6-1 -> 0.00017228013
A9: 44470 | B9: ='Imported Oil Prices'!B8/'Imported Oil Prices'!B7-1 -> 0.091262761 | C9: ='Imported Oil Prices'!C8/'Imported Oil Prices'!C7-1 -> 0.022560976 | D9: ='Imported Oil Prices'!D8/'Imported Oil Prices'!D7-1 -> 0.0098400984 | E9: ='Imported Oil Prices'!E8/'Imported Oil Prices'!E7-1 -> 0.011038961 | F9: ='Imported Oil Prices'!F8/'Imported Oil Prices'!F7-1 -> 0.0055120145
A10: 44501 | B10: ='Imported Oil Prices'!B9/'Imported Oil Prices'!B8-1 -> -0.066879657 | C10: ='Imported Oil Prices'!C9/'Imported Oil Prices'!C8-1 -> 0.011926058 | D10: ='Imported Oil Prices'!D9/'Imported Oil Prices'!D8-1 -> -0.0018270402 | E10: ='Imported Oil Prices'!E9/'Imported Oil Prices'!E8-1 -> -0.0057803468 | F10: ='Imported Oil Prices'!F9/'Imported Oil Prices'!F8-1 -> 0.0056531049
A11: 44531 | B11: ='Imported Oil Prices'!B10/'Imported Oil Prices'!B9-1 -> -0.017844285 | C11: ='Imported Oil Prices'!C10/'Imported Oil Prices'!C9-1 -> -0.0088391279 | D11: ='Imported Oil Prices'!D10/'Imported Oil Prices'!D9-1 -> 0.0012202563 | E11: ='Imported Oil Prices'!E10/'Imported Oil Prices'!E9-1 -> 0.0058139535 | F11: ='Imported Oil Prices'!F10/'Imported Oil Prices'!F9-1 -> 0.0022996338
A12: 44562 | B12: ='Imported Oil Prices'!B11/'Imported Oil Prices'!B10-1 -> 0.27358776 | C12: ='Imported Oil Prices'!C11/'Imported Oil Prices'!C10-1 -> -0.010701546 | D12: ='Imported Oil Prices'!D11/'Imported Oil Prices'!D10-1 -> 0.00060938452 | E12: ='Imported Oil Prices'!E11/'Imported Oil Prices'!E10-1 -> 0.0051380861 | F12: ='Imported Oil Prices'!F11/'Imported Oil Prices'!F10-1 -> 0.0043337865
A13: 44593 | B13: ='Imported Oil Prices'!B12/'Imported Oil Prices'!B11-1 -> 0.050200818 | C13: ='Imported Oil Prices'!C12/'Imported Oil Prices'!C11-1 -> -0.0012019231 | D13: ='Imported Oil Prices'!D12/'Imported Oil Prices'!D11-1 -> 0.009135201 | E13: ='Imported Oil Prices'!E12/'Imported Oil Prices'!E11-1 -> 0.0025559105 | F13: ='Imported Oil Prices'!F12/'Imported Oil Prices'!F11-1 -> 0.0054996193
A14: 44621 | B14: ='Imported Oil Prices'!B13/'Imported Oil Prices'!B12-1 -> 0.078044271 | C14: ='Imported Oil Prices'!C13/'Imported Oil Prices'!C12-1 -> 0.013237064 | D14: ='Imported Oil Prices'!D13/'Imported Oil Prices'!D12-1 -> 0.0090525045 | E14: ='Imported Oil Prices'!E13/'Imported Oil Prices'!E12-1 -> 0.0063734863 | F14: ='Imported Oil Prices'!F13/'Imported Oil Prices'!F12-1 -> 0.0067317402
A15: 44652 | B15: ='Imported Oil Prices'!B14/'Imported Oil Prices'!B13-1 -> -0.013238595 | C15: ='Imported Oil Prices'!C14/'Imported Oil Prices'!C13-1 -> 0.014251781 | D15: ='Imported Oil Prices'!D14/'Imported Oil Prices'!D13-1 -> 0.029904306 | E15: ='Imported Oil Prices'!E14/'Imported Oil Prices'!E13-1 -> 0.029765674 | F15: ='Imported Oil Prices'!F14/'Imported Oil Prices'!F13-1 -> 0.0071046473
A16: 44682 | B16: ='Imported Oil Prices'!B15/'Imported Oil Prices'!B14-1 -> 0.031155724 | C16: ='Imported Oil Prices'!C15/'Imported Oil Prices'!C14-1 -> 0.014637002 | D16: ='Imported Oil Prices'!D15/'Imported Oil Prices'!D14-1 -> 0.013937282 | E16: ='Imported Oil Prices'!E15/'Imported Oil Prices'!E14-1 -> 0.0024600246 | F16: ='Imported Oil Prices'!F15/'Imported Oil Prices'!F14-1 -> 0.0039837331
A17: 44713 | B17: ='Imported Oil Prices'!B16/'Imported Oil Prices'!B15-1 -> 0.010806412 | C17: ='Imported Oil Prices'!C16/'Imported Oil Prices'!C15-1 -> 0.0092325447 | D17: ='Imported Oil Prices'!D16/'Imported Oil Prices'!D15-1 -> 0.0080183276 | E17: ='Imported Oil Prices'!E16/'Imported Oil Prices'!E15-1 -> -0.011656442 | F17: ='Imported Oil Prices'!F16/'Imported Oil Prices'!F15-1 -> 0.0036372654
A18: 44743 | B18: ='Imported Oil Prices'!B17/'Imported Oil Prices'!B16-1 -> -0.071653591 | C18: ='Imported Oil Prices'!C17/'Imported Oil Prices'!C16-1 -> 0.00057175529 | D18: ='Imported Oil Prices'!D17/'Imported Oil Prices'!D16-1 -> 0.020454545 | E18: ='Imported Oil Prices'!E17/'Imported Oil Prices'!E16-1 -> 0.0031036623 | F18: ='Imported Oil Prices'!F17/'Imported Oil Prices'!F16-1 -> 0.0042006425
A19: 44774 | B19: ='Imported Oil Prices'!B18/'Imported Oil Prices'!B17-1 -> -0.030923195 | C19: ='Imported Oil Prices'!C18/'Imported Oil Prices'!C17-1 -> 0.0074285714 | D19: ='Imported Oil Prices'!D18/'Imported Oil Prices'!D17-1 -> -0.004454343 | E19: ='Imported Oil Prices'!E18/'Imported Oil Prices'!E17-1 -> 0.0018564356 | F19: ='Imported Oil Prices'!F18/'Imported Oil Prices'!F17-1 -> 0.0054954068
... A28: 45047 | B28: ='Imported Oil Prices'!B27/'Imported Oil Prices'!B26-1 -> -0.059173486 | C28: ='Imported Oil Prices'!C27/'Imported Oil Prices'!C26-1 -> 0.0067453626 | D28: ='Imported Oil Prices'!D27/'Imported Oil Prices'!D26-1 -> 0.0060539351 | E28: ='Imported Oil Prices'!E27/'Imported Oil Prices'!E26-1 -> 0.0018237082 | F28: ='Imported Oil Prices'!F27/'Imported Oil Prices'!F26-1 -> 0.0033704342

Sheet Imported Oil Prices
A1: Oil Prices
A2: Month-Year | B2: Price | C2: Food and Beverages | D2: Fuel and Light | E2: Transport and Communication | F2: Others
A3: 44317 | B3: 65.87619 | C3: 160.7 | D3: 159.4 | E3: 148.9 | F3: =AVERAGE(INDIRECT("'Cleaned Data'!T" & (301 + (ROW()-3)*3)),INDIRECT("'Cleaned Data'!U" & (301 + (ROW()-3)*3)),INDIRECT("'Cleaned Data'!W" & (301 + (ROW()-3)*3)),INDIRECT("'Cleaned Data'!X" & (301 + (ROW()-3)*3)),INDIRECT("'Cleaned Data'!Z" & (301 + (ROW()-3)*3)),INDIRECT("'Cleaned Data'!Q" & (301 + (ROW()-3)*3)), INDIRECT("'Cleaned Data'!AB"&(301+(ROW()-3)*3)) ) -> 164.11429
A4: 44348 | B4: 70.369524 | C4: 162.6 | D4: 159.8 | E4: 150.7 | F4: =AVERAGE(INDIRECT("'Cleaned Data'!T" & (301 + (ROW()-3)*3)),INDIRECT("'Cleaned Data'!U" & (301 + (ROW()-3)*3)),INDIRECT("'Cleaned Data'!W" & (301 + (ROW()-3)*3)),INDIRECT("'Cleaned Data'!X" & (301 + (ROW()-3)*3)),INDIRECT("'Cleaned Data'!Z" & (301 + (ROW()-3)*3)),INDIRECT("'Cleaned Data'!Q" & (301 + (ROW()-3)*3)), INDIRECT("'Cleaned Data'!AB"&(301+(ROW()-3)*3)) ) -> 163.82857
A5: 44378 | B5: 69.980909 | C5: 164 | D5: 160.7 | E5: 153.1 | F5: =AVERAGE(INDIRECT("'Cleaned Data'!T" & (301 + (ROW()-3)*3)),INDIRECT("'Cleaned Data'!U" & (301 + (ROW()-3)*3)),INDIRECT("'Cleaned Data'!W" & (301 + (ROW()-3)*3)),INDIRECT("'Cleaned Data'!X" & (301 + (ROW()-3)*3)),INDIRECT("'Cleaned Data'!Z" & (301 + (ROW()-3)*3)),INDIRECT("'Cleaned Data'!Q" & (301 + (ROW()-3)*3)), INDIRECT("'Cleaned Data'!AB"&(301+(ROW()-3)*3)) ) -> 164.61429
A6: 44409 | B6: 67.407826 | C6: 164 | D6: 162.6 | E6: 154 | F6: =AVERAGE(INDIRECT("'Cleaned Data'!T" & (301 + (ROW()-3)*3)),INDIRECT("'Cleaned Data'!U" & (301 + (ROW()-3)*3)),INDIRECT("'Cleaned Data'!W" & (301 + (ROW()-3)*3)),INDIRECT("'Cleaned Data'!X" & (301 + (ROW()-3)*3)),INDIRECT("'Cleaned Data'!Z" & (301 + (ROW()-3)*3)),INDIRECT("'Cleaned Data'!Q" & (301 + (ROW()-3)*3)), INDIRECT("'Cleaned Data'!AB"&(301+(ROW()-3)*3)) ) -> 165.84286
A7: 44440 | B7: 71.153043 | C7: 164 | D7: 162.6 | E7: 154 | F7: =AVERAGE(INDIRECT("'Cleaned Data'!T" & (301 + (ROW()-3)*3)),INDIRECT("'Cleaned Data'!U" & (301 + (ROW()-3)*3)),INDIRECT("'Cleaned Data'!W" & (301 + (ROW()-3)*3)),INDIRECT("'Cleaned Data'!X" & (301 + (ROW()-3)*3)),INDIRECT("'Cleaned Data'!Z" & (301 + (ROW()-3)*3)),INDIRECT("'Cleaned Data'!Q" & (301 + (ROW()-3)*3)), INDIRECT("'Cleaned Data'!AB"&(301+(ROW()-3)*3)) ) -> 165.87143
A8: 44470 | B8: 77.646667 | C8: 167.7 | D8: 164.2 | E8: 155.7 | F8: =AVERAGE(INDIRECT("'Cleaned Data'!T" & (301 + (ROW()-3)*3)),INDIRECT("'Cleaned Data'!U" & (301 + (ROW()-3)*3)),INDIRECT("'Cleaned Data'!W" & (301 + (ROW()-3)*3)),INDIRECT("'Cleaned Data'!X" & (301 + (ROW()-3)*3)),INDIRECT("'Cleaned Data'!Z" & (301 + (ROW()-3)*3)),INDIRECT("'Cleaned Data'!Q" & (301 + (ROW()-3)*3)), INDIRECT("'Cleaned Data'!AB"&(301+(ROW()-3)*3)) ) -> 166.78571
A9: 44501 | B9: 72.453684 | C9: 169.7 | D9: 163.9 | E9: 154.8 | F9: =AVERAGE(INDIRECT("'Cleaned Data'!T" & (301 + (ROW()-3)*3)),INDIRECT("'Cleaned Data'!U" & (301 + (ROW()-3)*3)),INDIRECT("'Cleaned Data'!W" & (301 + (ROW()-3)*3)),INDIRECT("'Cleaned Data'!X" & (301 + (ROW()-3)*3)),INDIRECT("'Cleaned Data'!Z" & (301 + (ROW()-3)*3)),INDIRECT("'Cleaned Data'!Q" & (301 + (ROW()-3)*3)), INDIRECT("'Cleaned Data'!AB"&(301+(ROW()-3)*3)) ) -> 167.72857
A10: 44531 | B10: 71.1608 | C10: 168.2 | D10: 164.1 | E10: 155.7 | F10: =AVERAGE(INDIRECT("'Cleaned Data'!T" & (301 + (ROW()-3)*3)),INDIRECT("'Cleaned Data'!U" & (301 + (ROW()-3)*3)),INDIRECT("'Cleaned Data'!W" & (301 + (ROW()-3)*3)),INDIRECT("'Cleaned Data'!X" & (301 + (ROW()-3)*3)),INDIRECT("'Cleaned Data'!Z" & (301 + (ROW()-3)*3)),INDIRECT("'Cleaned Data'!Q" & (301 + (ROW()-3)*3)), INDIRECT("'Cleaned Data'!AB"&(301+(ROW()-3)*3)) ) -> 168.11429
A11: 44562 | B11: 90.629524 | C11: 166.4 | D11: 164.2 | E11: 156.5 | F11: =AVERAGE(INDIRECT("'Cleaned Data'!T" & (301 + (ROW()-3)*3)),INDIRECT("'Cleaned Data'!U" & (301 + (ROW()-3)*3)),INDIRECT("'Cleaned Data'!W" & (301 + (ROW()-3)*3)),INDIRECT("'Cleaned Data'!X" & (301 + (ROW()-3)*3)),INDIRECT("'Cleaned Data'!Z" & (301 + (ROW()-3)*3)),INDIRECT("'Cleaned Data'!Q" & (301 + (ROW()-3)*3)), INDIRECT("'Cleaned Data'!AB"&(301+(ROW()-3)*3)) ) -> 168.84286
A12: 44593 | B12: 95.1792 | C12: 166.2 | D12: 165.7 | E12: 156.9 | F12: =AVERAGE(INDIRECT("'Cleaned Data'!T" & (301 + (ROW()-3)*3)),INDIRECT("'Cleaned Data'!U" & (301 + (ROW()-3)*3)),INDIRECT("'Cleaned Data'!W" & (301 + (ROW()-3)*3)),INDIRECT("'Cleaned Data'!X" & (301 + (ROW()-3)*3)),INDIRECT("'Cleaned Data'!Z" & (301 + (ROW()-3)*3)),INDIRECT("'Cleaned Data'!Q" & (301 + (ROW()-3)*3)), INDIRECT("'Cleaned Data'!AB"&(301+(ROW()-3)*3)) ) -> 169.77143
A13: 44621 | B13: 102.60739 | C13: 168.4 | D13: 167.2 | E13: 157.9 | F13: =AVERAGE(INDIRECT("'Cleaned Data'!T" & (301 + (ROW()-3)*3)),INDIRECT("'Cleaned Data'!U" & (301 + (ROW()-3)*3)),INDIRECT("'Cleaned Data'!W" & (301 + (ROW()-3)*3)),INDIRECT("'Cleaned Data'!X" & (301 + (ROW()-3)*3)),INDIRECT("'Cleaned Data'!Z" & (301 + (ROW()-3)*3)),INDIRECT("'Cleaned Data'!Q" & (301 + (ROW()-3)*3)), INDIRECT("'Cleaned Data'!AB"&(301+(ROW()-3)*3)) ) -> 170.91429
A14: 44652 | B14: 101.24901 | C14: 170.8 | D14: 172.2 | E14: 162.6 | F14: =AVERAGE(INDIRECT("'Cleaned Data'!T" & (301 + (ROW()-3)*3)),INDIRECT("'Cleaned Data'!U" & (301 + (ROW()-3)*3)),INDIRECT("'Cleaned Data'!W" & (301 + (ROW()-3)*3)),INDIRECT("'Cleaned Data'!X" & (301 + (ROW()-3)*3)),INDIRECT("'Cleaned Data'!Z" & (301 + (ROW()-3)*3)),INDIRECT("'Cleaned Data'!Q" & (301 + (ROW()-3)*3)), INDIRECT("'Cleaned Data'!AB"&(301+(ROW()-3)*3)) ) -> 172.12857
... A27: 45047 | B27: 73.438095 | C27: 179.1 | D27: 182.8 | E27: 164.8 | F27: =AVERAGE(INDIRECT("'Cleaned Data'!T" & (301 + (ROW()-3)*3)),INDIRECT("'Cleaned Data'!U" & (301 + (ROW()-3)*3)),INDIRECT("'Cleaned Data'!W" & (301 + (ROW()-3)*3)),INDIRECT("'Cleaned Data'!X" & (301 + (ROW()-3)*3)),INDIRECT("'Cleaned Data'!Z" & (301 + (ROW()-3)*3)),INDIRECT("'Cleaned Data'!Q" & (301 + (ROW()-3)*3)), INDIRECT("'Cleaned Data'!AB"&(301+(ROW()-3)*3)) ) -> 182.87143
